cell	members
Astrocytes_14	250
Astrocytes_40	250
Astrocytes_41	31
Astrocytes_42	250
Astrocytes_44	41
Blood_73	46
Ependymal_47	27
Excluded_30	30
Excluded_38	25
Excluded_44	56
Excluded_6	87
Immune_14	63
Immune_32	131
Immune_34	250
Immune_35	38
Neurons_10	35
Neurons_11	250
Neurons_12	250
Neurons_14	250
Neurons_15	250
Neurons_16	52
Neurons_17	250
Neurons_18	248
Neurons_19	55
Neurons_20	38
Neurons_21	250
Neurons_22	27
Neurons_23	249
Neurons_24	250
Neurons_25	250
Neurons_26	250
Neurons_27	250
Neurons_28	250
Neurons_30	26
Neurons_48	183
Neurons_49	25
Neurons_51	250
Neurons_52	241
Neurons_54	30
Neurons_58	48
Neurons_59	250
Neurons_60	250
Neurons_61	106
Neurons_62	42
Neurons_63	250
Oligos_0	250
Oligos_1	158
Oligos_14	101
Oligos_5	250
Oligos_53	250
Vascular_14	75
Vascular_46	61
Vascular_67	250
Vascular_68	250
Vascular_69	41
Vascular_70	33
