	logits
EEF1A1	0.9788268
B2M	1.417474
HBB	1.8763186
RPL41	0.75990117
FTH1	1.590572
TMSB4X	1.2625711
TPT1	0.6855012
COL1A1	4.3824887
RPL10	0.36360055
FTL	2.1132433
ACTB	1.0700767
CD74	1.7230549
MALAT1	1.7424514
RPS11	0.33166635
RPL37A	0.30184856
RPS29	0.22019501
RPS28	0.25183326
RPS27A	0.3545374
RPS27	0.4571087
RPS12	0.58327323
RPS8	0.28773877
SRGN	0.9090461
RPL13A	0.37780663
JCHAIN	4.4201746
HLA-B	0.71264625
HSPA1A	2.7081025
RPLP1	0.3456061
RPS23	0.23971437
RPL13	0.11742658
HLA-DRA	1.7136711
RPL23	0.4177015
RPL34	0.50456274
COL3A1	3.454278
VIM	0.81382513
RPS24	0.34370124
RPL27A	-0.1832984
RPS2	0.07463393
RPS3A	0.26187035
FAU	0.33349115
PABPC1	0.24074954
RPS15A	0.33007294
COL1A2	3.1041696
RPL3	-0.07361044
CXCL8	3.4232016
RPL37	-0.09074108
RPL31	-0.20106052
RPS17	0.06761268
HSP90AA1	1.2761397
RPL19	-0.25965697
TTC19	0.18544763
ACTG1	0.62038755
RPL7A	-0.20811868
ZFP36	1.28889
RPL28	-0.33537197
RPL15	-0.28882492
HLA-DRB1	1.2378908
RPS20	-0.4379269
NEAT1	1.1957799
RPS14	-0.030514061
JUNB	1.1040154
EIF1	-0.39751315
RPL7	-0.34896585
RPS6	0.10066221
FOS	2.1314774
UBB	0.24929313
RPS18	-0.18300796
RPS4X	-0.020171175
RPL18A	-0.05774639
HBA2	1.8310835
RPL36A	0.16566518
RPL23A	-0.17269012
PTMA	-0.17836264
RPL26	-0.21245553
MCL1	0.6884553
NFKBIA	1.5330482
RPS19	0.029343925
TMSB10	0.20930138
HLA-A	0.1585949
RPL30	-0.27268323
RPLP2	-0.29876366
HSPA1B	2.3419194
RPS25	-0.23276055
RPL11	-0.24636473
H3F3B	0.019709928
RPS16	-0.21156731
JUN	1.8291011
RPS3	-0.045264278
RPL5	-0.03552167
RPL38	-0.27711457
CPA3	2.0872743
FOSB	0.95035875
CTSD	1.8135194
HSPA8	0.5485029
RPL18	-0.44024122
GAPDH	0.8642228
EGR1	1.999836
SPARC	2.056985
RPL35A	-0.23341113
ANXA2	1.4909186
RPL21	-0.47246137
RPL4	-0.2810876
HSP90AB1	0.46589753
HLA-E	-0.24780942
RPS9	-0.54141587
CTSB	1.4676574
RGS2	1.3190278
CXCR4	0.66447014
GNAS	0.07684252
H3F3A	-0.34781983
RPL10A	-0.022341467
RPL24	-0.5488139
RPL9	-0.7698423
PSAP	0.62961215
LYZ	2.6315107
HLA-C	-0.08783828
S100A6	1.4277904
RGS1	1.7116144
RPL35	-0.50515914
RPL27	-0.7740766
RPS7	-0.51901686
RPL17	-0.77629995
RPS21	-0.16511174
FN1	2.361857
CD63	0.31519705
RPS5	-0.1587735
RPL29	-0.095042296
UBC	-0.087379776
BTG1	0.044736214
DNAJB1	1.4796343
DDX5	-0.33712825
RPL36	-0.4276128
RPL14	-0.7978159
SERF2	-0.615752
TIMP1	2.2818677
RPL32	-0.7728301
RPL8	-0.7055074
JUND	-0.19187422
SOD2	1.415836
IFITM2	0.5260399
EEF2	-0.42374483
YBX1	0.4305257
MT2A	1.9131856
TUBA1B	0.6850952
IGFBP7	1.8313546
HERPUD1	0.49386147
LMNA	0.7924244
HSPB1	1.0899454
NR4A2	0.86140627
RPS10	-0.47129178
RPS13	-0.7789128
LITAF	0.33085984
NACA	-0.7439139
DUSP1	0.85594827
RPS15	-0.4084527
LUM	1.7039559
GLUL	0.8848328
SAT1	0.86307174
PPIA	-0.9665573
GPR183	1.0818588
ITM2B	-0.25761473
KLF6	1.0225552
S100A11	0.13272929
EEF1B2	0.050200135
RPLP0	-0.4913793
IFITM3	0.76131743
DCN	1.5950148
UBA52	-1.2159275
HSPA5	0.48910022
RPL6	-0.748093
CFL1	-0.73547
SLC2A3	0.6537435
COL6A1	2.2254372
HLA-DPA1	0.62085044
RPSA	-0.9034923
HSP90B1	0.35506195
TNFAIP3	1.0826058
OAZ1	-0.7771857
RPL22	-0.52210826
GRN	-0.014214915
MYH9	0.19431742
IER3	1.7120204
LAPTM5	-0.27596313
HNRNPA1	-0.781693
BIRC3	1.3448184
PFN1	-0.2574523
CCL18	4.591854
NAMPT	0.60384804
EIF4G2	-0.38013375
SH3BGRL3	0.027875878
NR4A3	0.5908757
ZFP36L2	0.3518435
MYL6	-0.28940427
TSC22D3	0.2138155
AHNAK	0.117623545
SPP1	4.5276484
SOCS3	0.8370849
ANXA1	1.5545392
BTG2	0.5984177
EEF1D	0.10740199
YWHAZ	-0.7073591
S100A10	0.7518978
ALOX5AP	0.6786881
DNAJA1	0.08875331
A2M	1.5506938
UQCRB	0.36751077
RGCC	1.0598009
RPL39	-0.98476034
EIF4A1	-0.64568824
RAC1	-0.79440653
TAGLN	2.384395
CHCHD2	-0.5895777
APOE	3.1972318
CDKN1A	0.8907316
GNAI2	-0.5647318
CD44	0.20530316
ZNF331	0.6753753
RHOA	-0.6085485
CALM2	-0.11803095
HLA-DPB1	0.68585795
NR4A1	0.56790745
MGP	2.665592
YWHAB	-0.28232637
EIF4B	0.27955216
TIMP3	1.6971174
G0S2	1.7192976
PLAUR	0.94218504
FOSL2	-0.1480777
CREM	0.2755099
SFTPB	4.02141
HSPH1	0.8279369
HMGB1	0.061895914
ITGB1	0.36018047
TYROBP	-0.22984044
LGALS1	0.4576834
ATP1B3	0.79707396
TXNIP	1.0018322
COL6A3	1.6989208
HNRNPK	-0.54574794
DYNLL1	-0.39258257
CD83	0.9553013
NFKBIZ	0.6607319
PPP1R15A	0.3662085
CALR	0.013503188
TPM4	0.014222251
CD81	-0.07335688
NPM1	-0.47347718
ZFP36L1	0.31237704
RACK1	-1.1642585
SDCBP	-0.22529425
CALM1	-0.49716696
TAGLN2	-0.35943237
ENO1	0.11116746
NPC2	0.33637384
GPNMB	2.2958915
IER2	0.529997
SQSTM1	0.020138852
AREG	1.2282704
CCNI	-0.8131556
HNRNPC	-0.44001076
ATP1A1	0.01862383
SERPING1	0.74311435
COX7C	-0.9453773
CEBPD	0.9260999
NDRG1	1.5902718
ARHGDIB	-0.52406573
RPL36AL	-0.5619247
RPS26	0.32489872
SRP14	-0.8998544
PGK1	-0.509257
NAP1L1	-0.76446354
TOMM7	-0.9159398
ARPC2	-0.92600423
TUBB	0.49916562
BASP1	1.0621406
KRT6A	4.136266
IL1B	2.9578137
ACTA2	2.2395983
PCBP1	-0.89514333
COX4I1	-1.1980582
GZMB	1.19423
CEBPB	0.3499267
GSN	0.53762835
RTN4	-0.1303895
SFPQ	-0.50169593
WSB1	-0.11469947
KLF2	1.0714707
HNRNPA2B1	-0.5439282
PRDX1	0.26446855
CD9	0.8652498
CAP1	-0.5273346
TMBIM6	-1.3715124
MYL12A	-0.6183846
CD99	-0.19556026
C11orf96	1.9047495
RBM3	-0.536277
SCGB3A1	5.2587976
LAPTM4A	-0.7451697
ID2	0.6609702
MYADM	0.009798506
DAZAP2	-0.6704852
IRF2BP2	0.07918575
ATF4	-0.4734957
TXN	0.23709896
EPAS1	0.33109584
FLNA	0.17817532
DDX17	-0.57967126
CST3	0.1549934
ATF3	1.0449297
ARPC3	-0.84633285
CXCL2	2.375667
TM4SF1	1.5423542
MSN	-0.9633795
XBP1	0.33662468
KIT	1.1205516
SEPT2	-0.34519517
HNRNPA3	-0.5909204
HSPD1	0.28275722
DUSP4	1.494972
ARF1	-0.897745
HBA1	1.0970984
COL4A2	1.2630929
KRT19	2.2812598
ACTN4	-0.72051656
KRT17	3.7802038
DDX3X	-0.5434828
GADD45B	0.71237254
SET	-0.4183779
TCF4	-0.17221014
IQGAP1	-0.31629336
ZC3HAV1	-0.03503961
SFTPA1	4.118231
HLA-DQB1	0.6916866
COL6A2	0.7782072
MYL12B	-0.7282917
BTF3	-1.3644269
SNHG5	-0.47259733
ZFAND5	0.08125481
MIF	-0.2747825
KPNB1	-0.20500402
APLP2	-0.12705037
PNRC1	-0.632255
TRA2B	-0.28723913
HNRNPU	-0.71164167
MORF4L1	-0.95574266
SSR4	-0.47647315
CSRNP1	0.010054928
CLIC1	-0.7742005
CSDE1	-1.0114849
LCP1	-0.49622372
PEBP1	-0.34497184
MIDN	-0.2860651
NME2	-0.8321506
SKP1	-0.8120054
PKM	-0.7205192
C1S	0.66477776
DDX21	0.020061282
KRT5	3.3909087
NBL1	0.6251841
SFTPA2	4.142222
YPEL5	-0.4033717
RAC2	-0.2893318
HINT1	-0.28906256
KLF4	1.0162762
SRSF3	-0.43539944
SERP1	-0.9629555
TMA7	-1.6142058
COL4A1	1.4973129
EZR	-0.49742028
TMED10	-0.21385236
PRRC2C	-0.1997513
CIRBP	-0.36950198
ZFAS1	-0.33267808
SLC38A2	-0.1514423
CD37	-0.5888493
CANX	-0.7921723
NCL	-0.5250633
POSTN	2.242347
TPM3	-0.6219962
COTL1	0.3497533
SARAF	-1.2523293
NFKB1	0.12895188
TRAM1	-0.23544426
CLU	1.8981253
ACTR2	-0.6494499
PDIA3	-0.39325753
CD53	-0.49256784
SLC25A3	-1.4168932
CD55	0.1628748
CSTB	0.38649538
FCER1G	0.23518027
CD69	1.2914178
PDIA6	0.07112641
TUBA1A	0.36438593
CTSS	-0.3586863
COL5A2	1.5745763
OR4D9	-0.92992276
MARCKS	0.32069972
ARL4C	0.39628583
CTSC	0.362014
ASAH1	-0.3451642
PFKFB3	0.11065684
SRSF2	-0.62812674
TFF1	4.396642
HMGN2	-0.61764646
ITGB2	0.2862941
WASF2	-0.50940204
ORC4	-1.3662773
BRI3	-0.5265234
VEGFA	0.76502585
RAP1B	-0.5559109
THBS1	1.9857324
P4HB	-1.2480636
ARPC1B	-1.2665113
BGN	0.86844677
LAMP1	-0.32728237
CAPZB	-0.5473553
NDUFA4	-0.44706482
CFLAR	-0.61964166
S100A4	0.89015496
SAMSN1	0.04435084
C1QA	2.5207603
CTGF	2.291424
EIF4A2	-0.65651137
MS4A2	0.5797839
ACTR3	-0.27043557
HNRNPH1	-0.4778935
TIMP2	-0.0053644395
HES1	1.035173
SERPINH1	0.4669717
LRRC75A-AS1	-0.66228306
PPP1CB	-0.5816453
UQCR11	-0.96175385
PABPN1	-0.676283
S100A9	1.7733843
ANXA5	-0.25933382
MTDH	-0.6316252
OST4	-1.3647858
DSTN	0.05145768
BPIFA1	4.792784
XIST	0.5714014
TMEM59	-0.85640365
PTP4A2	-0.58446074
VMP1	0.2557484
HMGN1	-0.6193161
MAFF	0.27761048
WAC	-0.76000977
CLK1	-0.7039197
GATA2	1.1018772
RGS5	2.2682967
UBE2D3	-1.012976
LDHA	-0.59923965
MMP11	3.0278928
MRFAP1	-0.3755624
IL1RN	2.4739492
GAS5	-0.27630204
EIF5A	-0.8051429
SERBP1	-0.55830294
SLC25A6	-0.75304294
DBI	0.099081576
DDIT4	0.16727245
ARPC5	-0.46155947
SUMO2	-1.440026
SEPT9	-1.0879525
SLC7A5	-0.02311501
HSPE1	-0.38410127
NUCKS1	-0.55230427
IDS	-1.1365833
ICAM1	0.6054986
TXNDC5	0.28726092
NR3C1	-0.3764177
APP	-0.33612934
CCL4	2.326114
PIM3	0.09607325
CMTM6	-0.8350962
CYR61	1.9213197
LY6E	0.9310727
IGFBP5	2.2613418
IVNS1ABP	0.28560153
LINC01578	-0.0029967441
HNRNPM	-0.23468147
PTPRC	-0.69795126
ATP6V1G1	-0.503921
PECAM1	0.0978408
RAB31	0.28516513
SELENOK	-0.71955436
EIF5	-0.7768688
HNRNPDL	-0.9279678
SEC62	-1.0279933
COX8A	-1.0220151
CD59	-0.109170504
PPIF	0.79197824
CD52	0.15685965
TPP1	-0.4704737
COL5A1	1.2719915
PTTG1IP	-0.30400833
FUS	-0.8500153
ETS1	-0.22898701
CTSL	1.1314299
RNASE1	2.038016
SERINC3	-0.4684703
TMEM176B	0.57122296
CDC42	-1.2196088
IFI27	1.1773201
COX7A2	-1.250306
PTP4A1	-0.3022078
GSTP1	-0.4270367
DUSP5	0.48033398
SPARCL1	0.55163467
TYMP	-0.33332115
LRRFIP1	-0.8047044
YBX3	-0.1747382
C1QB	2.4500144
SYAP1	-0.2753553
IRF1	0.11137117
GDI2	-0.35805663
RPN1	0.014423927
THBD	0.9964751
RNASEK	-0.924656
SNU13	-0.31217337
ID3	0.7711883
CD164	-0.9977513
GPX1	-0.5976007
UBL5	-1.0512825
PRKAR1A	-0.8738143
FOXP1	-0.2572754
RNF149	-0.4049947
SNHG6	-0.40631416
VWF	1.1286535
CALD1	0.48920593
RBMS1	0.0045002867
GNB1	-1.2926193
HNRNPF	-0.50048
SOD1	-0.8451794
SEC61G	-0.21178605
MTRNR2L8	-0.21451429
SEC61B	-1.6003915
NFE2L2	-0.36821792
FBLN1	1.1289321
PHB2	-0.67101586
RAB7A	-0.74391216
NORAD	-0.72403353
HLA-DQA1	1.3100015
COX6C	-0.58932096
TTLL7	-1.0088038
H1FX	0.28182852
CYCS	-0.6572068
DNAJB6	-0.8197604
AKAP13	-0.90101624
MUC5AC	4.5939684
FKBP1A	-0.9952392
MMP2	0.7165626
KRT8	0.83200794
IER5	0.2551712
IRS2	-0.4755296
SUB1	-0.7401846
ARL6IP1	-0.09371021
BRD2	-0.62821513
LGALS3	0.19422737
LGALS3BP	0.172146
FAM107B	0.10288805
PFDN5	-1.0523442
STK17B	-0.6092788
SON	-0.7653415
CHMP1B	0.36518216
UBE2B	-0.8735729
EIF1AX	-1.0020334
TUBB4B	-0.91643596
ETS2	-0.25300282
KDM6B	-0.43682355
SLC16A7	-1.2762656
RAN	-0.439677
HLA-DRB5	0.9934215
ARF4	-1.0753477
MMP14	0.95666367
CTSZ	0.37903023
FAM177A1	-0.47549936
PAG1	0.025376976
SGK1	0.6057245
SERPINE1	2.1513004
CEACAM6	2.6555815
SPCS2	-0.58316725
HNRNPD	-0.38221982
B4GALT1	-0.5195981
FYN	-0.3957269
CNBP	-0.51665413
PLIN2	0.5717358
MAT2A	-0.32853067
SOX4	0.6392186
PCBP2	-1.1259717
ARF6	-0.46370864
FCGRT	-0.388737
REL	-0.49267253
ST13	-0.7090885
BZW1	-0.9160209
SLC25A5	-0.5165021
C1R	-8.9980545
TPSAB1	1.2020726
KMT2E	-0.5392314
CCNL1	-0.3635257
YWHAQ	-1.0256624
CAPZA1	-0.9283717
C1orf43	-0.23961167
IGFBP4	0.003164273
VCAN	1.1159527
TPSB2	1.829165
ODC1	1.0050199
TPM1	-0.06780167
TLN1	-1.0693139
FAM120A	0.20530649
CHCHD10	-0.3213668
SORL1	0.4235152
HEG1	0.7139001
AP2M1	-0.42626312
SSR3	-0.6912585
KCTD21-AS1	-0.50142896
SRSF7	-0.6482356
TOMM20	-0.5649519
CAST	-0.607967
RSRP1	-0.60215294
PHLDA1	0.56695074
CD46	0.17023315
GNG5	-1.4917151
GRB2	-1.1086655
TAPBP	-1.2127428
SEC11A	-0.66305447
IGFBP3	2.5667996
SLC2A14	0.16570483
ACTN1	-0.12554854
TAX1BP1	-1.017381
VDAC2	-0.7482018
CNN2	-0.3629949
SPINT2	-0.083105125
CYSLTR1	-1.1875098
FKBP5	-0.38821784
GNLY	2.4131632
TACC2	-1.54738
RHOB	0.20533934
NOP53	-1.1945807
SELENOS	0.072494775
FSTL1	-0.106255464
PTGS2	1.2994282
PABPC4	-0.6214622
BCL2A1	0.05145592
WIPF1	-1.0378617
AQP1	1.2056414
CAPNS1	-1.4333128
PPDPF	-1.165208
METRNL	-0.65183175
PLEK	0.40079293
PMEPA1	-0.10903957
S100A8	1.8841271
HPGD	1.671988
PTGES3	-0.6458527
HNRNPA0	-1.0870903
PEA15	-0.46299002
H2AFZ	-0.38766992
TSC22D1	0.22687481
C6orf48	-0.7102358
LYN	-0.542926
CRTAP	-0.40275112
ANP32B	-0.3699263
STOM	-0.284598
PRELID1	-0.1834312
DUSP6	0.56164896
GTF2I	-1.2517139
BCAP31	-0.15612909
VCP	-0.89298546
CDK2AP1	0.4540925
CAV1	0.6235282
COX5A	-0.8519035
MAPKAPK2	-0.92251265
RAP2B	0.8506187
ELL2	-0.6395777
NONO	-0.3597591
EIF3E	-0.979121
SPCS1	-1.3647712
SCAF11	-0.9877323
RBM8A	-0.8807594
AHCYL1	-0.75089234
SLC16A3	0.029251272
CDV3	-0.7506644
MYLK	0.38028288
PPP2CA	-0.80448914
PSMA7	-1.1169007
PSMB4	-1.1060064
HDLBP	-0.85887784
ADGRE5	-0.6846187
RAB21	-0.45503664
FAM53C	-0.65410745
TMEM123	-0.6241537
MYL9	0.9322237
TRIM56	-1.5006299
CD79A	0.14165613
HSPA6	2.2294607
RANBP2	-0.37473956
TGM2	0.80127877
COX6A1	-1.5341212
WDR1	-0.59445924
RNASET2	-0.9512341
GUK1	-1.4670408
TPI1	-1.147427
OS9	-1.5329256
DYNLRB1	-0.33422628
HIF1A	-0.4206678
ERP29	-1.3228359
PARK7	-1.7944555
FLOT1	-0.71759826
SLC18A2	-7.539215
GNS	-0.33930624
C4orf3	-0.8193396
CTDNEP1	-0.9515644
APOC1	2.321579
GPX4	-0.78149617
BHLHE40	-0.34466308
SRSF5	-0.43843234
CRIP2	0.32518002
LEPROT	-0.5021417
PDIA4	-0.63288826
TBCA	-0.99788314
SERPINB9	0.3677137
DUSP2	0.12306987
FCN3	2.5072417
MTPN	-0.81264204
CTNNB1	-0.6505255
LPP	-0.5256389
TGOLN2	-0.7725902
EIF3L	-1.0290495
GM2A	-0.12903208
PPP1R18	0.043579493
TACC1	-0.67485315
SAP18	-0.7240535
MORF4L2	-0.8371048
EMP1	0.5266494
TUBA1C	-0.27617934
PIM2	-0.27470762
EIF3H	-1.5224469
ATP6AP2	-0.42520246
VCL	-0.33547232
GRASP	-0.50492173
PSME1	-1.2729163
MBNL1	-1.2934077
SSR2	-1.5569592
LASP1	-0.4129285
RBPJ	-0.27886277
ZNF207	-0.9470201
CYB5R3	-1.0530038
RAP1A	-0.49752623
PNISR	-0.87198836
S100A2	3.67074
IFI6	0.83031094
MZB1	0.2740874
TSPAN13	0.42720598
TMEM258	-1.2331344
MAPRE1	-0.18033035
KTN1	-1.0432093
EDF1	-1.1285754
EID1	-0.9764415
JOSD1	-0.6969952
H2AFY	-0.2723616
HBEGF	1.0530343
N4BP2L2	-0.9484364
SKIL	-0.8573095
PGAM1	-0.8179827
GPBP1	-0.9634529
LIMS1	-0.54111254
PPP2R5C	-1.3588973
TRMT112	-1.1065389
ATP6V1F	-0.47579566
IL7R	0.96523744
ARL6IP5	-0.6884236
HM13	-0.85786617
RYBP	-0.74049807
HEXB	-1.1450312
MGAT1	-1.3199605
POLR2A	-0.9113192
GADD45A	0.67087793
COX5B	-1.2819463
POMP	-0.9287798
ATP2A2	-0.492397
MXD1	0.42647776
EGR3	0.5083659
RNF145	-0.6244391
NDUFA1	-1.452804
CORO1A	-0.27934366
IRF4	0.30586636
ERGIC1	-0.5570034
KRT14	4.072823
C19orf53	-1.4628416
SELENOT	-0.63713926
LTB	0.8539563
CLTC	-1.0512882
TNFRSF1B	-0.6294855
ANXA11	-1.2706456
ANKRD12	-0.49818787
CD4	-0.5312964
PLAC8	-0.0336776
LMO4	-0.39475212
ARID4B	-1.4508957
RAB11FIP1	-0.08648317
COPA	-0.801216
CELF2	-0.84497017
CAPZA2	-0.81642526
COMMD6	-1.822752
LDLR	0.011028243
CTSK	1.0628893
PSMB1	-0.963421
ZC3H12A	-0.19349885
TFRC	0.7182085
FXYD5	-0.9242904
SF3B5	-0.3655903
PRKCB	-1.0286503
IL6ST	-0.20924193
STAT3	-1.4890957
YME1L1	-0.66944396
PIK3R1	0.19476487
SNRPB	-1.1463742
QKI	-0.79807377
MAP1LC3B	-1.6951334
PRNP	-0.38738334
PPIB	-0.6212236
ZYX	-0.7975344
ADIRF	1.5310786
HMGB2	0.20988889
MRC1	1.3101606
COL18A1	0.1991864
SPCS3	-1.0355017
SDHC	-1.0790336
TM9SF3	-1.0322824
AQP3	1.7838221
MFAP4	1.3257618
DNAJB9	-0.49738264
STK4	-0.8512447
PLAU	1.4693036
NAPSA	2.7050927
SEPT7	-1.6471193
RUNX3	-0.07781579
MACF1	-0.5914687
PTGDS	2.1223364
CALU	-0.44194293
PRSS23	0.61649466
LCP2	-0.2745799
IL32	0.26775685
KHDRBS1	-0.47411773
HLA-F	-0.5382273
PLTP	1.6320577
HNRNPAB	-0.6505327
ATP6V0B	-1.2878618
ARHGDIA	-0.9092415
MOB1A	-1.0737488
RPL12	-1.3369914
ATP1B1	0.20685005
PRDM1	0.78072405
RASSF5	-0.57960755
CD82	-0.24486274
BNIP3L	-0.17898646
SLC2A1	1.9586831
MYH11	1.7992529
ETF1	-0.48011595
SEM1	-0.78905743
YWHAH	0.24324733
BRK1	-1.3802472
KDELR2	-1.1974876
NOTCH3	0.48373237
LDHB	-0.9020836
COX6B1	-1.5147754
NDUFS5	-0.8675463
MARCKSL1	-0.27896842
STAT1	-0.103510834
BAZ1A	-0.4462745
TGFBI	0.34276816
RAB13	-0.1157522
CCT3	-1.0031749
ISCU	-0.5869202
C12orf57	-1.1397914
EIF2S2	-0.8752949
TSPO	-1.0717956
CIB1	-1.3816527
PERP	1.3030655
UBALD2	-0.8273256
CYBB	-0.034394715
VAPA	-1.1067957
COX17	-0.12328838
UBA1	-1.0118226
FBL	-0.43603376
PTBP1	-1.5705712
EREG	1.0163076
C3	2.3224378
GNAI3	-0.67728156
NCOA4	-0.7185135
PAPOLA	-1.1200045
GNG10	-0.107796945
RAB1A	-1.0832422
THEMIS2	-0.9694549
HNRNPUL1	-1.8490508
SCARB2	-0.78443474
DERL3	-0.02388571
SDC4	0.6182918
GEM	0.9408377
GHITM	-1.3688333
SRPRA	-0.5072236
PDLIM1	0.051507592
SEPT6	-0.8006508
NUDT3	-0.70661575
VWA5A	-0.07040521
TTC3	-0.89976573
UBXN4	-0.4804198
KLF10	0.099863425
IRF7	-0.121203676
CYTIP	-0.49423286
EIF4A3	-0.69806075
SAMHD1	-0.4680006
CLTA	-1.174491
WARS	0.25313616
SF1	-0.81104016
PRR13	-0.89623576
RPN2	-0.6072255
SELL	0.04270542
LGMN	0.61556274
NR2F2	0.40462372
TMED9	-0.66819006
AZIN1	-0.61502063
NINJ1	-0.2670026
TSPAN3	-0.09704489
PCOLCE	0.06876687
ATP6AP1	-0.38499957
TIPARP	-0.22887243
TMED2	-0.99876326
CPM	-0.1580804
KIF5B	-1.1491749
CDC42SE2	-0.4103319
PDE4B	-0.4274802
SMG1	-1.3948326
SEC23A	-0.88110256
SNRPD2	-1.2443509
ANXA6	-1.0044086
SLC44A1	-0.5786396
RTRAF	-0.62049615
SURF4	-0.9429413
TAOK3	-1.1000834
HSBP1	-0.8468211
CSNK1D	-0.6737814
SNRPG	-1.0108771
SRSF9	-0.4966789
IL1RL1	0.9918504
CELF1	-0.88621444
CTHRC1	0.76454526
MT1X	1.0485574
UBE2J1	-0.31659168
ELAVL1	-1.351433
STMN1	0.3617691
MCAM	0.34893817
RHEB	-1.159194
SEC61A1	-1.0526792
BAG3	0.13299893
SEC14L1	-0.5864504
IGFBP2	1.9190274
PUM1	-0.77654845
ERGIC3	-1.4059551
OSTC	-0.69646674
SLC3A2	-0.99141663
NDUFC2	-0.8935692
MAP4K4	-0.46445715
RBM39	-1.037679
HCLS1	-0.81464666
PXDN	0.59363985
TMBIM1	-0.6808079
TCIM	1.2123752
NDUFB9	-0.91072404
EIF5B	-0.6966946
LDLRAD4	0.133249
MIR205HG	3.0125356
CXCL3	1.7017215
CDC42EP3	-0.08992931
WIPF2	-0.7757932
TCP1	-1.1579154
H2AFV	-1.6935228
USP22	-0.9471071
DST	0.46054268
TFF3	3.163094
ARPC4	-0.97422963
MAP3K2	-0.6294753
TGIF1	0.10690016
JAK1	-1.0159684
CXCL16	-0.40249193
SSR1	-1.3595787
CLIC4	-0.51670235
CHMP3	-1.265101
PGD	-0.38008207
MKNK2	-0.81962234
PTEN	-0.34016147
ARID1B	-1.1841533
PNRC2	-0.23930243
ELOB	-1.1064237
PSMD8	-0.99604213
CKAP4	-0.3740117
ADA2	-0.6323075
SF3B2	-0.47710457
MAFB	0.68547094
POLR2L	-1.0193722
SEC31A	-0.83297175
JPT1	-0.8668492
UGCG	-0.16519511
ATP6V1E1	-0.76349366
FNBP1	-0.7079952
TMEM176A	0.18534794
SYNCRIP	-0.89626306
ENY2	-0.8474196
PRDX6	-1.3156369
HDGF	-1.3665233
CRISPLD2	0.17192256
ARID1A	-1.6174271
LIPA	0.572347
RAB2A	-0.70735025
YWHAE	-1.6326125
HSPA9	-0.93757534
FCGR3A	0.88930154
BPTF	-0.4181004
AEBP1	0.20126052
EWSR1	-0.5414692
MAP2K3	-0.33718988
TACSTD2	1.5887325
SYNGR2	-0.9299596
PDAP1	-0.53681576
AFF4	-0.587236
TMEM30A	-0.8682112
SAR1A	-1.0312991
GPX3	0.5161597
SETD5	-1.7409872
ILF2	-0.6489669
MDM4	-1.5263556
CSNK1A1	-0.8535824
TGFBR2	-0.9385063
PPT1	-0.6822399
CDC42SE1	-0.54931265
KCNQ1OT1	-1.0433009
SEL1L3	-0.7652886
MTCH1	-0.9827648
USP8	-1.616554
ATP6V0E1	-1.4404612
GLRX	0.44399685
TRIP12	0.07669126
ARCN1	-0.9011012
RSRC2	0.06523891
NEDD9	-0.6391441
CHD4	-0.9532307
ZBTB20	-0.8103206
TOP1	-1.095058
SNHG16	-0.95910555
CBX3	-1.1265973
BCL3	-0.7369369
SERINC1	-1.6045426
XRCC6	-1.71854
TERF2IP	-0.5582711
WDR83OS	-1.9802681
CCL5	0.116326824
DSP	1.2434251
SH3BP5	-0.46542493
DARS	-0.22270113
CACNB4	-1.8655305
SF3B1	-1.4664569
EIF3F	-1.1604311
SPTBN1	-0.8037225
NFIC	-0.96894854
AKIRIN1	-0.18136705
SERTAD1	-0.58359027
INHBA	1.590468
TMEM50A	-1.0023366
FOXN3	-1.1051329
DYNLT1	-0.7076777
TM9SF2	-1.1234635
MAPK1IP1L	-0.5363307
SNHG8	-0.56026375
ARRB2	-0.7778232
PPP1R15B	-0.56565475
SLC20A1	-0.26565003
ATRX	-0.77300847
TRIR	-1.1150197
B4GALT5	-0.6102285
YWHAG	-0.5771856
LPIN1	-0.5890366
ENSA	-1.1131743
AKNA	-0.5136106
MAP3K8	-0.65625685
MAPK1	-1.0118039
CNN3	-0.01475889
THY1	-9.549017
REEP5	-0.68258893
KDELR1	-1.6680777
CLSTN1	0.003161163
LARP1	-1.1849796
RAD21	-0.54879695
CLDND1	-0.23384252
NFIB	-0.2589908
USF2	-0.6149841
ANAPC16	-1.6887692
UQCRH	-1.73383
JMJD1C	-0.26721758
ACSL1	0.15589757
SORT1	0.58181816
UBE2I	-1.1295979
GNB2	-1.9957824
YY1	-0.90831566
SDC1	0.51492184
SMIM14	-0.9026674
CALM3	-0.97757643
DYNC1H1	-0.6234932
CCT6A	-1.0652592
VOPP1	-0.19007647
CNOT6L	-0.8959232
VDAC1	-0.5815699
ITM2A	0.3824928
SH3KBP1	-0.5083167
BRD4	-0.88181967
TMEM248	-0.32068425
SRSF1	-0.3785537
TMEM245	-0.57893515
SLC44A2	-0.4498737
EIF4G1	-0.53961676
ACP5	0.6086112
FSCN1	0.634868
GALC	-0.18158804
AHR	-0.5932835
PALLD	-0.24714659
ZNF706	-1.2427684
TCEA1	-0.43786716
VAMP8	-0.80934423
FAM49B	-1.0607976
LMAN2	-1.0137813
LRP10	-1.9055235
NDUFA4L2	1.6131326
VPS35	-1.2625879
COX7B	-1.189756
SND1	-0.8171969
IL2RG	-0.8376673
HEXIM1	-0.43449613
CCT2	-0.6302706
KRT15	2.6555693
ARL5B	0.021056749
WDR82	-0.5985003
DDX24	-1.2429724
SRRM2	-0.88713527
CAVIN1	-0.43992698
PMP22	-0.20714067
PLEKHB2	-1.1945876
DDX39B	-1.6110779
PKP1	2.3310874
FYB1	-0.25725722
SMCHD1	-0.5411135
LRPAP1	-0.75133914
FCGR2A	0.19763443
ENG	-0.4101507
BST2	-0.85343456
SRSF11	-1.0371933
HIST1H4C	-0.06717313
MPEG1	-0.33245775
ITGA1	-0.25052437
PLD3	-0.95768577
CACYBP	-0.3623554
FNDC3B	-0.57345325
SAMD4B	-1.3538159
USP36	-0.5312143
CNDP2	-1.5377882
IRF8	-0.31162745
ALDOA	-0.853672
ERH	-0.72590125
SHC1	-1.1447643
IFNGR1	-0.6813179
PAIP2	-1.9071063
PTMS	-0.8553725
RNH1	-1.5854454
HNRNPL	-0.9313832
CYB5A	-0.40751663
SLC25A39	-1.0190198
ANKRD28	-0.17489453
DAP	-1.1756319
HNRNPR	-0.95063853
CXCL14	2.539126
DPYSL2	-0.3411494
OSBPL8	-0.6374201
THBS2	0.5900421
BSG	-1.0916281
MX1	0.6432137
MRPL18	-0.1682571
PJA2	-0.44276989
EFCAB14	-0.8737916
C11orf58	-1.6911211
SLC25A37	-0.6826888
UFM1	-0.23577365
GNAQ	-0.9008681
CHD2	-1.1659042
PCDH17	0.8307175
PCSK7	-1.9782975
CHP1	-0.5614787
PICALM	-0.51168835
ATXN2L	-0.6790424
NOP10	-1.7093459
PSMB2	-0.89247733
CACNA1A	-2.1592498
EIF3A	-1.0895516
SPINK1	3.1243746
LAMP2	-1.531708
LRP1	-0.7436339
GSPT1	-0.9537972
TAF1D	-0.65553206
CD163	0.89070165
GLG1	-0.5495898
AKAP9	-1.1095165
RHOG	-1.4244876
RAB10	-0.61051446
RAB5C	-1.8333869
NCKAP1L	-0.55523276
DYNLL2	-0.6822206
DDT	-0.73344725
PAFAH1B2	-1.332984
EIF4H	-1.2624098
CD47	-0.8261405
C6orf62	-1.6164702
ZBTB7A	-1.1006908
NDUFB2	-1.1245371
YIPF4	-1.3643887
TAGAP	-0.13225543
RNF213	-1.0309236
NUCB1	-1.6968142
CNPY3	-1.3914815
UCP2	-1.1641928
TALDO1	-1.1658045
INSIG1	0.34495464
M6PR	-0.4069057
GNA13	-0.50827914
ZEB2	-0.9066147
CSNK1E	-1.7661282
ARPP19	-0.9996523
SCAMP2	-1.0227693
NSA2	-1.1621596
UBE2N	-0.59098387
TNRC6B	-0.7218752
UXT	-1.5834037
PURA	-0.113494344
ANAPC11	-1.0340757
ISG20	-0.7026475
ROCK1	-0.6424448
WNK1	-0.8927442
PI3	3.5980198
DHX36	-0.75566524
PPP2R1A	-1.3717558
REXO2	0.5411425
OSM	0.37389022
SEC11C	-0.22886771
RRBP1	-0.1488621
SLA	-0.22800747
FTO	-1.2444293
S100P	2.3231835
KLF9	-0.01879219
PTPN1	-0.85132444
CLEC2D	-1.5446068
SRRM1	-1.3172433
KCTD20	-1.0532056
SATB1	-0.1468968
SF3B6	-1.2267362
HSD17B12	-0.563289
SF3A1	-1.0837263
TUG1	-1.1818595
PRCP	0.1125548
DEGS1	-0.8029396
PRMT9	-0.46631607
RNPS1	-1.2392999
SELENOF	-1.4214014
GSTK1	-1.983417
ACADVL	-1.180282
ELOVL5	-1.22278
EIF3D	-1.5199918
COMT	-0.5991005
SELENOW	-1.1472127
MYDGF	-1.0699022
UQCRC2	-0.64042616
RARA	-1.2889476
MYLIP	-0.70841044
CASC4	-1.0412506
ETV3	-0.3593865
RPS4Y1	0.024673391
RNF13	-0.49091873
XRCC5	-0.9580827
ALDH1A1	0.4384115
FAM129B	-0.5588651
CDC37	-0.9522948
SBDS	-1.0236719
TRIOBP	-1.7963
GANAB	-0.5952499
G3BP1	-0.36517334
RALA	-0.15531363
GRINA	-1.0956665
IDH2	-1.4072456
DNAJC7	-1.1247019
PDCD6	-0.6609537
C5AR1	0.19658099
FMNL1	-1.2825229
NDUFA3	-0.1643732
TXNL4A	-1.4938376
KAT6A	-1.0679092
TNFSF10	0.07462564
RPL7L1	-2.232067
STK24	-0.82524455
LUC7L3	-0.6185215
SNRNP200	-1.2141001
CMIP	-1.0678923
CHMP4B	-1.3802379
ERO1A	-0.5390684
SLAMF6	-0.936699
TUFM	-0.7562469
XIAP	-0.37629142
DDX46	-0.45863116
SNX3	-1.330505
NUFIP2	-0.90334785
PTBP3	-0.62412757
PLEKHA2	-1.00011
NAA50	-0.9965401
U2AF2	-1.1633319
SPATS2	-2.2035723
S100A16	0.40803623
DDX6	-1.0483996
CCDC80	1.0165123
TSPAN14	-1.3916351
SUN2	-0.84366226
SMARCA2	-0.28979546
CAPG	-1.0676486
SERPINF1	-0.061376758
MLXIP	-1.0047296
UBE2H	-0.7485787
PLEC	-0.45543587
CTNND1	-1.1261429
LAMB1	-0.010412213
EIF2S3	-1.0943564
TSC22D2	-0.6367479
CYLD	-0.80673456
PHACTR1	-0.27958855
UBE2R2	-1.1589932
IFRD1	-1.0467564
F11R	-0.54172486
MBD2	-0.23907062
CCR7	0.8430046
SCP2	-1.070608
MXRA8	-0.22848248
DEK	-0.9043019
TBCB	-0.47728664
METTL9	-1.8760122
CD151	-0.48978737
CCAR1	-1.1057789
EMC4	-1.5260342
EVL	-0.66601336
SERPINA1	0.12601176
ANKRD37	0.07980198
RBM5	-0.3771492
PDCD4	-1.2910107
PIGT	-1.0612735
ESYT2	-0.8366943
GPR65	-0.4924689
ADM	1.2017361
ADIPOR1	-0.30039623
PELI1	-0.3801156
SELENOP	1.0564607
CMPK1	-0.5361094
MGST3	-1.483782
CCND2	-0.2594523
CDKN1B	-0.7777532
HIPK2	-0.5332011
EIF3B	-0.95362264
CD84	-1.1448681
PRPF8	-1.3458124
EIF3G	-1.2240303
PTK2B	-0.29543003
NCSTN	-0.94284695
UBE2V1	-0.93074375
NDUFS6	-0.86678094
MAGED2	-0.7986421
SRP72	-0.58799446
CKLF	-0.57266504
TRIM28	-1.3563454
EIF4EBP2	-0.38169456
PSMA1	-0.73674476
MARCH6	-1.2576805
EML4	-1.0260977
IST1	-1.4275992
PLAT	0.980139
ABHD2	-0.5810715
SH3GLB1	-1.2525733
WDR45B	-0.5427163
ELF1	-1.2728746
BAZ2B	-1.1274893
UQCRQ	-1.2713562
COL12A1	1.4679608
ANKRD11	-0.4081829
PRKAR2A	-0.9203481
CAV2	0.2481593
CTSH	-0.30559373
PTPN12	-0.7028776
PPP1CC	-1.0059062
CCDC47	-0.50901765
SH3BGRL	-1.5405369
RBM25	-0.17075443
EMC10	-1.0676041
IFIT3	0.19159654
TBL1XR1	-0.5566212
DNAJC8	-0.83405626
PLP2	-0.7451748
SRP9	-1.9620198
IFNGR2	-0.71519315
CLPTM1L	-0.9648817
SNRPF	-0.99486756
ATP2B1	-0.22078843
RBM4	-0.5525359
HYOU1	-0.78557056
IDI1	-0.85750437
RBM17	-0.70381826
ALOX5	-0.5459124
MAGED1	-0.74106216
APEX1	-0.619182
PTPRE	0.02757397
PHIP	-0.6918622
HOPX	0.48855773
TMEM109	-1.2580955
FLJ22447	-1.4067925
EIF3K	-0.97848123
CAPN2	-0.7138667
PSMD3	-1.3476192
ELF3	1.1055677
RWDD1	-0.43571252
FBLIM1	-0.7480349
TMEM87A	-0.8905596
DDOST	-1.1090021
AUP1	-0.7964801
FOXO3	-0.50128615
MAST4	-0.28893143
MXRA7	-0.8476943
ADCYAP1	3.5179782
NEU1	-0.91810554
RNF130	-1.4422542
PRPF40A	-0.7042203
SLC38A1	-0.5182969
STT3B	-1.1580224
MDH2	-1.0008451
ALDH2	-0.46708328
TOP2B	-0.44992796
JTB	-1.7972608
IPO7	-1.3666954
NCOA7	0.67047065
ATM	-1.2804612
PAFAH1B1	-0.6522484
PHLDA2	0.14742744
KMT2A	-0.67796224
ATF5	0.5842825
ARIH1	-1.3054725
SNRPB2	-0.9312425
APH1A	-1.2758064
MT1E	0.5711165
PSMB5	-0.66247195
POLR2K	-0.90119267
NUMA1	-1.4352224
TOR3A	-0.6756425
PIGR	3.092093
TKT	-0.42371088
EFHD2	-0.8412857
RPS6KA3	-1.6638515
UBE2L6	-0.49164942
CST7	0.4934527
RHOH	-0.6327091
HOOK3	-1.0528045
LAMTOR5	-1.2142824
CD48	-1.0754274
MAFG	-0.64040005
LTA4H	-0.070012495
LTBP4	-0.2845627
HNRNPH3	-0.69303966
INTS6	-0.9360926
STAT6	-1.2026613
KDM2A	-1.1262529
BCL6	-0.43872747
EIF4E	-0.5542696
RAB8B	-0.3711937
NCOR1	-1.184227
CBX4	-0.69889665
AKR1C3	1.4386442
PRELP	1.0146735
NXF1	-0.43499875
EPC1	-1.0264956
MS4A7	0.28278628
PAWR	-1.4000931
RUNX1	-0.9167955
EFNA1	0.6968959
ANXA7	-1.1708443
ARGLU1	-0.6392957
RBBP5	-1.8723562
G3BP2	-1.1388879
ATP6V0D1	-0.8333971
MYO1C	-1.0306251
WDR26	-0.9171011
CLTB	0.17109345
SLC26A2	-0.17165959
ADAR	-1.6792586
ARHGEF2	-0.840633
BCL2L11	-0.41609156
MANF	-0.2687891
EI24	-1.1542479
ARID5B	-0.37558678
RARRES2	-9.050549
RBBP6	-0.46096122
EVI2B	-0.9567826
EHD1	-0.42200583
C9orf78	-1.6485847
BCAS2	-0.50999576
SNRPN	-1.5388432
ST6GAL1	-0.7151749
ASAP1	-0.39606467
TMED7	-0.4915491
ADAMTS1	0.82656485
CTSA	-0.986025
OLR1	0.8992573
CNOT2	-0.94225997
NUCB2	-0.85705143
HPCAL1	-0.042989794
SPATS2L	-0.38263223
SKAP2	-1.3640674
APOL6	-0.3636972
CCDC88A	-0.71663886
ITGA6	0.3967658
MATR3	-0.8417387
MRPL57	-0.96269435
KPNA4	-0.9387338
ELOC	-1.342778
STMP1	-0.9462946
CDH1	0.74317807
EIF3M	-1.0394071
ST3GAL1	-0.58650625
UBXN1	-1.5805869
GABARAPL2	-1.1128924
VPS37B	-0.83534265
BCLAF1	-0.6998292
TFG	-1.3974941
CORO1C	-0.99839157
RBBP4	-0.71470267
COX20	-0.68086267
SCPEP1	-0.20580328
CHD1	-0.58366174
RRP7A	-1.2634609
TMED4	-0.9064054
RAB11A	-1.1147825
TNS1	-1.1000786
FAM162A	-0.12090416
TPST2	-0.89181256
NDUFB1	-0.8533176
SERPINB1	-0.41811335
COX7A2L	-1.0380044
PPP2R2A	-0.7470805
PRDX2	-0.7202037
STRAP	-1.4320911
ENAH	-0.17651765
LMAN1	-1.054099
CCT4	-1.4872133
IKZF3	-1.0275086
TRIB1	-0.35549837
CCL20	2.3974059
TXNRD1	-0.27135363
MAPRE2	-0.48707083
NASP	-0.7022768
USP9X	-0.9238669
SLC35E3	-1.6551505
TAF7	-0.7661142
ERRFI1	0.34833
MAP3K13	-0.341918
STAG2	-0.78320056
MUC1	1.1793047
SPOCK2	-0.13626
CCL2	1.7406197
AP2B1	-1.2609316
HSPG2	-0.8964213
PDLIM5	-0.7859116
PSME2	-0.8679897
HLA-DMB	-9.805016
HK2	1.1057355
OIP5-AS1	-0.65687317
GTF2B	-0.6143649
ISG15	0.63310814
LAPTM4B	-0.16955289
ZKSCAN1	-1.2894938
TOB1	-0.4409082
NFATC2IP	-1.5318762
KARS	-1.0907515
RALGAPA1	-0.8421333
AGR2	2.033742
TRA2A	-0.8919276
SFRP2	1.9826946
HBP1	-1.1027874
GLIPR1	-0.5725907
PER1	-1.3594565
ERN1	0.1809062
TNFAIP2	-0.11526387
LBH	-0.3314852
CLPTM1	-1.3946317
FAM133B	-1.2648032
SUMO3	-0.5265185
ARHGEF12	-1.0688651
MPHOSPH8	-0.89668375
ANP32A	-1.0194504
MYCBP2	-0.86587584
NCOR2	-1.2772787
DHX9	-0.96534806
OAT	-0.70932883
VSIG4	1.5481262
SYNRG	-1.2147046
ECH1	-1.2801211
UBE2Q1	-0.90168613
TPR	-0.8284151
ARF3	-1.5476944
SDF4	-0.973304
LST1	0.18999612
LAIR1	-1.2050599
ALKBH5	-1.1156172
WTAP	-1.1030611
EHMT1	-0.90027946
RPL22L1	-0.44393417
SEC13	-0.87994707
FNIP2	-0.6049823
FAM129A	-0.16643922
CPEB4	-0.58871347
CREB3L2	-1.142066
MTHFD2	-0.73586303
SC5D	-0.75146616
UBE2L3	-1.4731234
PHPT1	-0.71172166
TCFL5	-0.8157722
ARHGAP1	0.0041232198
LY9	-0.1795928
SRI	-0.5303574
CALCA	3.8268015
SMAP2	-0.6675056
TRIM33	-1.1574588
AP3S1	-1.4087476
AAK1	-1.4136792
OAZ2	-0.8791311
PPA1	-1.336394
GLUD1	-0.5036147
RAB27A	-0.85488534
N4BP2	-1.7052208
ZNFX1	-1.0037429
CREBRF	-0.7645493
PARP14	-0.33106333
TRIM22	-0.7796841
CHST12	-1.7126863
LSM14A	-0.91257685
STIP1	-1.5255197
TCF25	-0.90837747
AHSA1	-0.55184406
UBE2D2	-0.9383377
SUPT4H1	-0.87638956
METTL7A	-0.35748437
SEMA7A	-0.572596
COLEC12	-0.6655562
PNPLA8	-0.47208658
ABCG1	-0.5625577
RAD23B	-1.280618
MRPS21	-1.2575899
LAMC1	-0.060672276
SLIRP	-0.75302494
SEC63	-0.33737594
ID1	0.7633257
ARHGEF6	-1.0077585
UBE2S	-0.72895104
TAP1	-0.7080886
RILPL2	-1.2287033
WBP2	-1.0488437
NEDD8	-1.2217523
NUPR1	0.041391883
NDUFB11	-1.2849869
C12orf65	-1.1046028
BAG1	-0.74704283
DDX18	-0.53651965
TMEM147	-1.0769845
NDFIP1	-1.9622211
PBX1	-0.6101514
COPE	-1.1160215
STARD7	-0.608735
PAK2	-1.1603798
TMOD3	-1.2474213
CYBA	-1.134817
OXA1L	-2.2543628
PEPD	0.2879946
COPS8	-0.27841002
ITM2C	-0.9026033
ALDH3A1	2.3641152
YTHDC1	-0.271897
VPS28	-1.2787291
RSU1	-0.78580606
ATP6V1B2	-0.5786885
UBR4	-0.87565297
FABP5	0.7732886
HIGD2A	-1.6748857
PTK2	-2.0055172
POU2F2	0.14761265
PSCA	3.5809724
ATP2B4	-0.31446165
SEMA4D	-1.3993316
KRT18	-8.683772
HK1	-0.6471043
CCT5	-1.603644
PIM1	0.20581232
ZNF431	-2.1193194
ADGRF5	0.3709793
IMPAD1	-0.4553721
GABARAPL1	-0.89484173
VPS13C	-1.0760702
POLR2F	-1.7706919
PPP1R11	-0.34248537
JMJD6	-0.5953648
TP53INP1	0.15039101
UBE3A	-0.4799851
GRK2	-0.76720077
PPP4R3A	-0.85763896
NDUFB4	-1.4910101
RDX	-0.40745008
RAPGEF1	-1.2330104
RHOQ	-0.80150646
UTRN	-0.8332814
CNOT7	-0.59383833
TSPYL2	-0.46229482
AP1S2	-0.5199817
PLPP3	0.05440167
IFI16	-1.649888
LEPROTL1	-1.0706791
ILF3	-1.1778682
CS	-0.6282901
CSF2RB	-0.55953664
PA2G4	-0.802584
AES	-1.2175595
LSP1	-1.071505
UBQLN1	-1.5136117
KIAA1551	-0.254505
TMEM165	-0.8592122
PLXNB2	-1.4298668
MTRNR2L10	-1.4637334
TNC	1.9187315
JUP	-0.61763936
MAP3K20	-1.1555337
ADD1	-2.0433283
KLF13	-0.89047843
FYTTD1	-0.7863537
ACSL4	-0.9111638
KHSRP	-1.1104275
KRT6B	3.3147116
UGP2	-1.1806461
ANAPC5	-1.3084741
PIK3AP1	-0.00077435875
IGF2R	-0.7123081
NNT	-1.4382604
VKORC1	-0.8806894
GMFG	-0.95605886
PPIG	-0.7691402
BLOC1S6	-1.1646161
MEF2D	-1.2659447
RAB5A	-0.2529853
LAMTOR1	-1.4474744
NDUFB5	-0.6891934
MLLT6	-1.08468
PTPN2	-1.1066147
MAX	-0.62599576
PTPRF	-0.22715668
CHURC1	-1.2869993
ADI1	-0.20145458
PHACTR4	-1.215157
KDSR	-0.46710095
DDB1	-1.2105225
USP11	-1.0082529
ZBTB4	-0.53510565
PRPF38B	-0.6427571
PURB	-0.99139524
SNRPD3	-1.4838717
TRIM38	-0.9983178
ACER3	-1.7121979
MAGT1	-1.3574119
SPTAN1	-0.7359395
SERTAD2	-0.33154988
FBXO11	-0.6385684
SUPT5H	-0.9592244
NFIA	-0.39426386
STAU1	-0.65153563
HYAL2	-0.50375
GARS	-0.73683727
ELN	1.1720366
APMAP	-0.664167
BBX	-1.1015478
MSL1	-0.958255
SNX5	-1.0934497
MARCO	2.1348617
AKR1A1	-0.8062214
ORAI2	-1.9688145
VDR	0.5022991
JMY	-0.2684652
PSMB7	-1.2442575
CYC1	-1.3718706
HP1BP3	-1.4577953
NPEPPS	-1.4358438
LPCAT1	0.15379138
MIAT	0.9632507
CREG1	-1.0157294
DNAJC3	-0.71847194
MS4A6A	-0.3398344
PDXK	-1.3714825
SPIB	-0.53628254
SIRPA	-0.47091573
AIDA	-0.89971715
SLAMF7	-1.1836329
SUMO1	-1.518661
SEC22B	-0.48948735
SP100	-1.0721242
VAT1	-1.1080921
MYD88	-0.39683166
HCK	-0.016482627
CTDSP2	-1.2307894
SPN	-0.982687
TMX1	-0.3680896
TFPI	-0.13748796
AGO3	-1.4899
KCTD12	-0.6330853
RHBDD2	-0.22862041
ISG20L2	-0.86296844
CCL19	3.3742783
TOMM22	-1.0854914
TAF10	-1.3599315
SLC11A1	-0.3239835
MDK	0.33059984
AGO2	-0.7311212
UBA2	-0.87177044
LGALS8	-1.4368255
ADAMTS4	0.45776314
DAP3	-0.8927788
SUSD6	-0.81238794
BAG6	-1.2849218
DCTN2	-1.369861
CDK2AP2	-1.0689276
PLIN3	-0.7826799
CAPRIN1	-0.98258674
BID	-0.39802098
ANTXR1	0.34998453
SUMF2	-1.4891895
NBEAL1	-1.3804154
SLCO2B1	0.06602315
IKZF1	-0.81781495
GLS	-1.3387032
UBXN2A	-1.5353876
FTX	-2.0418286
RANBP1	-0.7718449
HAX1	-0.971126
SHISA5	-1.2800686
DCAF7	-1.3799928
PDGFRB	-0.0277041
CAMK1D	-1.6129386
PPP1R12A	-1.1882056
ZNF451	-0.66962695
PPP1R2	-1.537124
NKTR	-0.6024972
HDC	-7.571174
SSU72	-1.7498014
JARID2	-0.48315004
CNOT1	-1.1115539
PIP4K2A	-1.1126597
CNKSR3	-1.4238447
SUMO4	-2.2277758
SNX9	-0.6306067
ZBTB38	-0.45700127
ALCAM	0.12294215
CTNNA1	-1.1927698
HNRNPUL2	-0.84981614
ROMO1	-1.665502
SLC31A1	-1.9211473
FNTA	-2.098637
PCNP	-1.1385249
EIF2AK2	-0.72102535
G6PD	-0.47291744
SYNE1	-0.7335275
DPYSL3	-0.1691599
LTBP1	0.81213135
VAMP2	-1.7966481
C16orf72	-0.71848136
CEACAM5	1.887615
SELENOM	-1.0520127
CD93	-0.47661325
SYNE2	-0.8889909
LINC00963	-1.7368318
SPON2	0.7534615
TMEM127	-0.72374
EMC3	-1.2322198
SYPL1	-1.4456984
PHC2	-1.5254413
NOP56	-0.5416482
FKBP9	-0.2891256
ATXN7	-0.9729257
PDK4	0.89069396
SPOP	-0.5981877
TMEM230	-1.4658068
LIX1L	-0.7043725
MSI2	-0.77640104
RABAC1	-1.6298616
HSD17B11	-1.6571403
CDIPT	-0.7256574
RBMX	-1.9700603
PPFIA1	-1.9703804
ARFGAP3	-0.44322926
MGLL	-0.4596743
FKBP2	-1.4064918
SNRPD1	-0.43139148
IL1R1	-0.644791
MAF	-0.18948066
C7	1.6131766
GOLGA4	-0.8435127
SEPT11	-1.260035
MRPL20	-1.01457
SNRNP70	-1.2511741
NEMF	-0.51832306
RGS16	0.9217057
IGLL5	3.4810479
CYSTM1	-0.972275
RALGDS	-0.5914313
PPM1K	-0.5552654
DNAJB14	-0.7151262
CPD	-0.35057005
ERP44	-0.65502864
NDUFA11	-2.0178292
FBN1	0.12954992
BMP2K	-1.0035626
CLIP1	-1.2179573
NCKAP1	-0.63106537
MAT2B	-0.7727006
GCLC	0.57748574
AK2	-1.2217716
ADD3	-1.1818666
KLHDC7A	-1.4426932
PSMA5	-0.9271526
MRPS6	-0.36673963
RBX1	-1.1145227
TXNL1	-1.0405535
MAP1B	0.74820894
ITGAX	-0.88606876
WWTR1	-0.14211053
RPS6KA5	-1.7631357
ZC3H7B	-1.1402359
HECA	-0.93301606
MINDY2	-1.7473714
NAP1L4	-0.54211044
SPAG7	-0.45010376
UBE2M	-0.5640345
EIF3J	-0.90215766
SLC1A5	-0.4202857
NNMT	-0.2861182
INSR	0.401366
PDCD6IP	-1.2662877
NECAP2	-0.912461
UCHL1	1.292531
RAB14	-1.1811277
RASSF2	-0.73178506
RHOC	-0.66801435
YPEL3	-1.1583104
DNM2	-1.8829024
PPP1CA	-1.2473903
SCAMP3	-0.6914758
LILRB4	-8.691189
PLPP1	0.21546817
EMP2	-0.9666171
GSTO1	-0.42621416
RIPOR2	-0.7250264
NDUFA13	-1.8927999
ZFAND3	-1.5116978
WWC3	-0.752964
NUDT4	-0.9242356
MMP24OS	-1.0802151
NBR1	-0.9678459
CSF3R	-0.6546945
SPRY1	0.15143129
RRP12	-0.39233854
SLC15A3	-0.63683355
MAN1A2	-0.56959236
ATXN1	-0.46313938
HADHA	-1.2480335
ZC3H15	-0.8957092
MED13L	-0.6333642
CHMP5	-0.67386436
OTUB1	-1.0543087
UFC1	-0.82955235
ITPRIP	-0.23044746
MMP9	1.9250495
AKAP2	-1.1035327
SPIN1	0.15614367
APOBEC3C	-0.86571544
CUTA	-1.2628834
NDUFA6	-0.65091753
SNAP23	-0.847778
C1QC	1.8967803
CLINT1	-0.70472604
TUBB6	0.16244012
TPD52	-0.7617695
TXN2	-1.3032424
SMAD2	-0.96578926
TAF15	-0.9965042
PNN	-0.86960554
UQCR10	-1.5254151
IFNAR2	-0.869713
KIDINS220	-0.31419256
TRIM44	-0.99193716
IRAK1	-0.27436885
BNIP2	-0.9580361
ADAM19	-0.19225131
ATXN10	-0.7637069
DUSP3	-1.2382344
RNF11	-0.95112383
PARP1	-0.67734766
IFI44L	0.35419482
MFSD1	-0.62641984
PDLIM3	0.28931412
RNF10	-1.2920226
SPTSSA	-0.11101069
C15orf48	0.6097431
CCPG1	-0.8697238
RUBCN	-0.98544407
MAN2B2	-0.20098187
CAVIN3	-0.30531967
C17orf49	-1.3460326
RAB5B	-1.2366256
ARL2	-1.7622094
SFT2D2	-0.9086782
MPZL1	-1.0353314
CUX1	-1.2605382
LPXN	-0.26404542
COQ10B	-0.9160626
PPM1G	-1.6570076
CYFIP2	-0.6052275
MLEC	-0.754985
SFRP4	3.156371
ABL2	-0.5132373
SRM	-1.0220987
ADAM10	-1.5914632
CLN8	-1.0779486
C1QBP	-0.4509916
HELZ2	-0.7717512
YIPF6	-1.1888993
PLXDC2	-0.40839323
TNPO1	-0.86024785
IL2RB	-0.6964294
MED13	-0.98368645
SMARCA5	-0.8551676
CRK	-1.815172
HLA-DMA	-9.916205
TNFSF13	-0.23574604
PLS3	-0.3837017
DHX15	-0.79761744
TROVE2	-0.8228985
PRKX	-0.76984495
SULF1	0.6318962
NTRK2	2.1264195
SPG21	-1.5388286
POGZ	-1.4106427
RBFADN	-2.854135
SPAG9	-1.7309037
PRF1	0.39953524
CD24	0.93852204
PPP3CA	-0.7519808
PTGS1	-0.3221192
F2R	0.15748987
CHMP2A	-1.1220986
NDUFB10	-1.5734881
TAOK1	-0.7657928
CAT	-1.4048625
PREX1	-1.19562
AKR1C1	1.8903804
ADGRE2	-1.013944
VWA1	-0.044830807
RTN3	-1.4420904
NARS	-0.5556114
PRRC2B	-1.1197941
SRSF10	-1.6853344
DHRS7	-1.5798612
TARDBP	-0.8709693
TBC1D9B	-1.0605332
HEBP2	-0.9853491
REG4	3.3927202
OCIAD1	-1.156398
MINOS1	-1.4203992
ARID5A	-0.25232074
CERS2	-1.5652448
RNF7	-1.0084808
C12orf45	-1.4528592
PMAIP1	0.10659196
PFDN2	-1.0324875
IARS	-0.4620086
RBBP7	-1.1959587
SNAP29	-1.6429298
ZNF106	-1.2008711
NDUFB7	-0.91580814
AKR1B1	-0.40665656
MRPS24	-1.5004735
DNAJB4	-0.2762364
HDAC1	-1.0529456
FAM210B	-0.42386118
RBPMS	-0.6109351
FAM3C	-0.52086735
PCM1	-0.90132767
FKBP4	-0.63826
GOLPH3	-1.3091947
MKLN1	-1.1291801
SLCO2A1	-8.169386
RCC2	-0.7091663
GTF2H5	-0.5836199
UBE2A	-1.3865542
AFTPH	-1.6852199
CYTH1	-0.7269119
SIAH2	-0.39701173
NIPBL	-0.71753186
IL3RA	-0.32315636
RSL24D1	-1.1982707
UNC93B1	-1.350217
ARHGAP18	-1.0622756
PHF20	-1.2904044
GALNT1	-0.80758375
LAP3	-0.51024085
SUZ12	-0.8565408
GOLGB1	-0.8374702
PPHLN1	-1.2058824
YIPF5	-1.5090067
TAF13	-1.2128929
FXR1	-0.8180877
TARS	-0.5803491
MAF1	-2.0419834
PAM	-0.44024596
MAL2	-10.195633
BIRC6	-0.82357526
SLC35E1	-1.8016877
LTBP2	0.8925182
KLHL24	-0.8879567
NABP1	-0.8795492
ARRDC3	-0.82053113
PSMD4	-0.4653662
TTYH3	-0.55886143
ACKR1	1.9714608
BUB3	-1.0095328
EPRS	-0.8161591
SLC15A4	-1.371179
DLC1	-0.4222768
NOLC1	-1.1661011
SSB	-1.1302967
HTRA1	0.3736261
VAMP5	0.13614555
PCNX4	-0.93825525
TNRC6A	-2.1682594
NDUFA5	-1.0948344
PODXL	0.5535462
HPGDS	-7.5791645
PIGN	-2.3045373
FURIN	-0.62000424
HCST	-0.93840057
COPB1	-1.4648106
ATRAID	-1.9255956
RSF1	-0.8222117
HELZ	-1.214995
HEXA	-1.2835616
FNBP4	-0.5905924
MAP4	-1.3438988
TPM2	-0.24364093
TNIP1	-1.6652285
CHD3	-0.38785946
RER1	-1.7798675
CAND1	-0.7971048
FAM107A	0.76475346
ACAP2	-1.2297534
ZFHX3	-0.94829226
TSTD1	-0.33091697
VASP	-1.5981663
EPB41L2	-0.10544001
BACE2	-0.22641204
GNPTAB	-0.870184
KRT10	-0.92730814
RPRD2	-0.47874612
LONP2	-1.330408
PPP2CB	-1.0840389
LHFPL6	-0.21649663
CSF1	0.2664971
YTHDF2	-1.5747851
FGFR1	-1.1331378
PDE7A	-1.0247611
VAMP3	-1.834862
TRAPPC1	-2.8302195
SMARCE1	-1.8707031
NFKB2	-1.427752
ISLR	0.7557988
GDI1	-2.0756922
SDF2L1	-0.54586047
EP300	-1.4642375
HDAC7	-0.59785956
RNF19A	-0.35049003
PPP1R14B	-1.4391747
PARP9	0.038797222
DAAM1	-0.31042215
CYTH2	-1.3622552
FLT1	-0.04107194
KLHL5	-1.2117089
CSNK2B	-1.2567244
KRT16	3.7028809
ITGA5	-1.1068287
DERL1	-1.8379186
CPNE1	-1.9307516
CCT7	-1.5845501
ESYT1	-0.83624744
PSMD13	-0.94246113
GNB5	-1.4374611
SRP54	-0.7842922
CRELD2	-0.7878143
CD7	-0.33586475
CCND3	-1.8921354
PHB	-1.1283901
ASPN	1.0499594
TWSG1	-0.21856399
SDS	1.6928335
SWAP70	-1.1539254
NSD3	-1.2742528
SLC25A36	-0.17031956
CCT8	-0.9129264
RND3	0.7477772
SFT2D1	-1.2482102
CBX6	-1.0139998
NSMCE3	-0.6041808
CAPN1	-1.2722491
APOL1	-0.13968371
NCOA1	-0.97684664
GGNBP2	-1.1091583
KPNA6	-1.0386072
TLE3	-0.8492648
CXCL1	1.5224721
HMGN3	-0.7834424
GPI	-0.7147569
ATG2A	-2.1969543
PAPSS2	-0.23408866
GYPC	-1.117268
NPC1	-0.08000377
TNFAIP8	-0.9571878
SYF2	-1.4176693
PTGER4	-0.43342033
AP1B1	-1.9897192
SBNO2	-1.3160845
OSMR	-0.060050312
CTBP1	-1.496632
TXNDC11	-0.7373817
NOP58	-0.6922675
ZZEF1	-1.3242611
ATXN3	-2.199343
PLSCR1	-1.1801535
IK	-1.3697946
BANF1	-0.9832268
KRT13	3.4639008
BOD1L1	-0.99177474
TMEM208	-0.5390123
ZCRB1	-0.7325199
PITPNA	-1.1441218
PACSIN2	-0.48202208
THUMPD1	-0.8822929
SRSF4	-1.4934644
EMP3	-1.32131
NDUFA2	-1.6731414
SLC12A6	-0.54773843
ATOX1	-1.2235142
POLR2E	-1.5940619
AMD1	-1.29037
PFKL	-1.1497798
EMB	-0.2947536
ANKRD10	-0.9372343
CD14	0.44812366
PDS5A	-0.5317706
F13A1	2.2956204
PLK3	-1.0513252
PSMA4	-1.7272637
EDEM1	-1.4968075
MAOB	-0.2188135
SUPT6H	-1.885068
CCNY	-1.2440946
NSFL1C	-1.0431545
GPX2	1.7407119
POLR2J	-1.7674394
ZNF281	-0.41164875
FUCA2	-1.0976483
MRPL33	-0.7709052
KLHL6	-1.2638979
BAZ2A	-1.0385801
TREM1	-0.42074916
MEA1	-0.7543232
BMPR2	-0.99845695
RALY	-1.8070598
IQSEC1	-0.5439359
CCL21	3.497827
SSRP1	-1.2020473
EIF2S1	-0.31374222
CPE	0.69272125
ATF6B	-0.49291825
CHST11	-1.2674236
OGT	-1.3273978
TNS3	-0.22415745
DDX42	-0.53382206
LSM7	-1.5648513
ARIH2	-1.2206488
ATF6	-1.2834648
PPP2R5E	-0.86669457
CMTM3	-1.0470531
ACVRL1	-9.77392
ZNF24	-1.1054316
PFN2	0.9034136
UBL3	-0.743261
DNAJA4	0.22294925
ERGIC2	-0.9870769
MBTPS1	-1.2775897
RAB1B	-1.3164812
AMZ2	-0.55475855
EMC7	-1.4094182
ACSL3	-0.64065653
LSM4	-0.34549984
TMBIM4	-1.349608
CDK4	-1.3308114
GPRC5A	1.0415959
RAF1	-1.2005262
KDM5A	-0.64350027
METAP2	-1.5706995
KANK2	-1.8580273
ARL8A	-1.6399091
MYOF	-0.12940046
DAB2	-0.19204387
HSCB	-2.025394
LIF	0.3643314
C12orf75	-0.47489768
CMC2	-1.7196432
ATXN2	-2.1937041
COPZ1	-0.8055461
PBRM1	-1.2123011
CLEC2B	-0.7603267
MTRNR2L3	-1.1438471
SLTM	-0.992959
HMOX1	0.833494
RCN2	-1.3308153
SIVA1	-1.021624
INPP5D	-1.0547476
ACBD3	-0.3746153
FUNDC2	-1.7083596
OCIAD2	-0.81691694
AKT2	-1.0073946
NUDC	-1.3167808
NRDC	-0.73823565
RABGAP1L	-1.1455371
IDH3A	-0.6361081
SFN	1.037112
CUL3	-0.45334336
CHSY1	-0.6821005
FKBP11	-0.86419404
USP14	-1.2449558
MALT1	-0.9146441
FADS1	-0.35264394
NDUFB3	-1.4464041
NCF2	-1.1411762
PSMD11	-1.5137453
CACUL1	-0.67618054
TXNDC15	-1.0461812
MX2	-0.4883737
ROCK2	-0.2966724
BEX3	-0.62671465
PGRMC1	-0.5538801
TMCO1	-0.80513215
GCC2	-1.012103
COX14	-1.8734283
TXNDC12	-0.78144014
CCDC50	-1.2144364
LYPLA1	-1.7223763
TINAGL1	-0.10861089
ZNF655	-1.1713645
SLC16A10	0.2748866
DIAPH1	-1.0403125
ENPP2	0.93394625
GK	-0.09105961
MEF2C	-0.76315314
UBE2K	-1.0551634
NFATC1	-0.06239718
GFPT1	-0.67853296
SNHG1	-0.58024794
BLOC1S1	-1.4082373
FAM168B	-0.63428146
PTK7	-1.0145324
MRPL51	-1.4058938
CCL3	1.8857591
SS18	-0.64155316
CPT1A	-0.53575695
PTAFR	-0.7144585
MAP7D1	-1.2877394
SDC2	0.21416517
MED28	-1.1209933
KIAA1191	-0.9147076
SNRPE	-1.9875683
RNF103	-0.24397413
GRSF1	-0.36070684
SMIM7	-1.4110218
C18orf32	-1.1076635
PSMB8	-0.94362986
GBP1	0.15482756
DKK3	-0.034132913
SHMT2	-0.2937774
PSMA3-AS1	-1.687375
ZNF793	-2.711838
POLR1C	-1.7524595
RNF181	-1.5858654
KIAA0930	-1.0261757
USP15	-1.1176436
IL4R	-1.1593738
UPP1	-0.09322994
SBF2	-0.8956391
BCL7B	-1.1195109
CHTOP	-1.0104569
ANKLE2	-1.4949812
PSMC1	-1.299947
NDUFV3	-1.628789
DPM3	-0.47498015
GBP2	-0.6298124
PYCR2	-0.8473998
RBM23	-1.5882304
RGS10	-0.53054917
PNP	-0.97370636
EHD4	-0.71315616
CARHSP1	-0.79869413
ACIN1	-0.6916534
PLK2	0.053696327
HECTD1	-0.90571517
SRF	-0.003965206
TMEM167A	-1.1803777
XPOT	-0.48486212
ATP6V1A	-1.3411394
UBE2L5	-0.802332
GNL3	-0.9601143
SKI	-1.438584
CLDN4	0.8422361
MLF2	-1.27456
RING1	-0.75735897
SYVN1	-1.1932106
ARL2BP	-0.87549084
ARL8B	-1.6255583
IDH1	-0.3279094
YKT6	-1.0985458
ZNF26	-2.1030977
MED29	-1.2125312
ASH1L	-0.8791532
SPPL2A	-1.5140251
ARHGAP22	-2.4709592
ATF7IP	-0.9683849
ALG13	-0.6851562
TES	-1.0839332
GAK	-1.0477035
NID1	-0.08653148
GPBP1L1	-0.82966906
TMEM192	-1.6006914
KLF7	-0.15380242
FCMR	-0.6925978
VPS4B	-1.0711842
ARPC1A	-0.7783533
BOLA3	-0.9348742
PRDX3	-0.96100646
MAPK6	-0.1266464
ASPH	-0.2945036
GLIPR2	-0.9968349
MPP1	-0.65231085
BACH1	-1.085041
HADHB	-0.7649688
PIK3IP1	-0.41744965
POLR1D	-1.5649006
CNPPD1	-0.9351662
KATNBL1	-0.63572574
SUGP2	-1.2220621
ARMCX3	-1.1942399
HIGD1A	-1.1409415
GLCCI1	-0.13400616
GUSB	-1.3781886
NDUFAF3	-1.481014
ZMAT3	-1.1805989
ZBTB44	-0.9521289
RNF139	-1.1886294
SLFN11	-0.00083502935
DBNL	-1.216459
ABCA1	-0.31317267
TIMM8B	-0.68869674
SLFN5	-1.1135442
CD247	-0.29380268
B3GNT7	0.8136867
UGDH	-0.22556229
ATG12	-1.081404
KLF3	-0.54235715
SMIM26	-1.7501276
PLCG2	-1.1849929
TSIX	-2.2875435
ANP32E	-0.4627813
HIPK1	-1.5873126
PSMC6	-1.547961
PRKDC	-0.34734002
MTHFD1	-1.0265924
TMED5	-1.0451624
TNFRSF1A	-0.766583
CARD8-AS1	-1.4414891
RIOK3	-2.9972003
GPCPD1	-0.6437918
COL10A1	1.1775513
CPNE3	-0.6396219
DENND4A	-1.0823556
RIC8A	-0.7429847
PCF11	-1.3352892
CFD	0.595559
COL8A1	-0.05698257
RNF187	-0.47696194
ACOT9	-1.6869838
ZMIZ1	-1.2588183
PDXDC1	-0.60096955
LCOR	-1.0245788
AP3D1	-0.8386395
MXRA5	-0.12733603
SNHG7	-1.9983692
BTN3A2	-2.3954191
CCDC59	-0.9469176
SH2B3	-1.159481
TIE1	-1.3039641
RHOBTB3	-0.8791558
YIPF3	-1.7954434
MKRN1	-0.7973088
NUDT21	-0.39772573
MAP2K1	-1.0697973
ZFYVE16	-1.6920552
PSME4	-0.6627516
ZC3H13	-0.348265
PPP1R10	-0.9618691
C2orf68	-2.2257574
MPRIP	-1.3488191
EMD	-1.6669399
B3GNT5	-0.43968508
LHFPL2	-1.0535613
MARK3	-1.2476681
NFKBID	-1.1184735
CRIM1	-0.3225608
ULK1	-0.37573427
SBNO1	-0.36733574
RARRES3	-0.59006846
ZFR	-0.63970596
CNIH1	-1.3734152
DDX10	-1.6051612
NFX1	-1.7542163
C8orf59	-1.8985593
CBFB	-0.8766886
SOD3	0.10163336
IL6	1.6009444
CARM1	-0.92100525
OGDH	-1.8085705
NDUFS2	-1.1127989
SMARCC2	-1.0124389
TAX1BP3	-1.0291109
WDPCP	-1.4312978
ARHGAP27	-0.48505482
PTRHD1	-0.21468374
DCTD	-0.35213366
SSH2	-0.90571475
PLD4	-9.366182
NUP62	-1.1913978
TIMM50	-3.2085493
PPP3R1	-0.5532054
ITPKB	-1.356387
SYTL3	-0.90455437
NFE2L1	-1.0544939
ZMYND8	-0.96719044
PRKCSH	-1.451915
FPR1	-0.5506839
PCBD1	-0.5908466
APPL1	-1.0799978
WAS	-2.0791907
CFAP74	-3.182388
CCDC69	-1.5715085
CCL14	1.4214741
TOX4	-1.2328008
HDGFL3	-1.0188117
ZNF503	-0.34643507
CLDN5	0.49678433
FGL2	-0.09028485
ZNF428	-0.6034805
THRAP3	-1.5593579
DYNC1LI2	-1.2902817
USP34	-1.1616937
BNIP3	0.24780676
TOB2	-1.2115155
SREK1	-0.0926612
CRTC3	-0.7946691
NHP2	-1.5562235
YIF1A	-1.0562936
ARPC5L	-0.72232133
EPS15	-1.323368
CYB5B	-0.5191669
COPB2	-1.9010478
SUPT16H	-1.0573666
AHI1	-0.6995294
GBP4	-0.58387
NRP2	-0.60579884
TMEM179B	-0.8160212
WBP1L	-0.4414733
PPP1R16B	-1.0181808
GATAD1	-1.8607197
ZBTB43	-1.0077193
DNAJC10	-1.24589
NREP	0.03642232
DPP8	-0.9036196
MGAT4B	-0.9925018
SMC4	0.056685273
CORO1B	-0.48460773
EXOSC10	-0.22376151
FBXO7	-1.3655686
PCGF5	-0.94336706
TOR1AIP2	-0.8675508
ALDH9A1	-0.5553269
CYB561A3	-1.7773468
AP2A1	-1.4221448
HAGH	-1.5626689
SDHB	-1.6099602
MTUS1	0.1931852
MRPL42	-0.46439937
FERMT3	-1.5229818
PLVAP	0.7782447
TMPO	-0.52373946
CD36	0.34204102
ABRACL	-1.1505251
NQO1	0.0725094
KMT2C	-1.3164972
IMPDH2	-0.96569425
LBR	-0.51756126
ZNF148	-0.5467543
HUWE1	-1.8433818
ITGB5	-0.544082
GGA2	-0.8071921
AIF1	-0.8620742
MPC2	-1.0249251
PDE4DIP	-1.5353417
TMX4	-1.17896
PEX26	-1.7852056
NFKBIB	-1.5332743
EPCAM	0.27075103
BCL11A	-0.0746534
SP110	-1.0938874
GOLM1	0.31874543
MGAT5	-0.6621212
CHMP2B	-1.1660435
C1orf162	-0.6521443
OLA1	-0.5983941
OFD1	-1.148909
FAM102A	-0.99040926
DCTN6	-0.7437728
QARS	-1.2323816
IAH1	-1.1614606
GZMA	1.1709311
ADIPOR2	-0.7298332
RBBP8	-0.6398082
MVP	-2.1115236
MKNK1	-1.0744724
SMIM3	-0.652793
PARL	-0.68755674
CASP4	-1.3344184
NAGK	-1.6469452
RICTOR	-0.904131
TP53INP2	-0.78344715
RFTN1	-0.695274
CD27	0.22724529
RC3H2	-1.4565291
SDHD	-1.6869218
PXN	-0.3600348
SLC25A1	-0.089031465
ADPGK	-1.4820845
MESD	-0.95399535
RAB8A	-1.5564594
TMEM167B	-0.8531339
IL13RA1	-0.99187446
GREM1	-0.2060854
TMF1	-0.7591334
MITF	0.16393252
DOCK2	-1.6956495
LSM8	-1.2888476
HERC4	-1.6069235
CADM1	0.57528716
FKBP3	-0.82003015
MFGE8	-0.819708
RPA1	-0.70813894
SYK	-1.1924562
VPS29	-1.0007639
GOLGA7	-1.4141617
PLEKHA1	-1.4586228
TMEM183A	-0.57805175
ADAM8	-0.2569811
ERLEC1	-1.0105534
SLC35B1	-0.82899666
CALCRL	-0.18002196
CAVIN2	-0.11758917
SMARCD2	-0.45791373
DANCR	-0.8216225
ELK4	-0.5793937
RBM38	-0.7746415
IPO9	-1.675794
IQGAP2	-0.8424457
FXYD6	-0.56479543
ZMYND11	0.20624517
EIF5AL1	-2.6588626
MMP1	3.5486193
BTG3	-1.3240081
EVI2A	-0.91017145
GALNT2	-1.1488348
DCTN1	-0.904425
GPAT4	-1.0240672
PUM2	-1.5531746
ZFAND2A	0.5940778
ORAI1	-1.1635978
MIEN1	-0.89276004
DYNC1I2	-0.9403949
TDP2	-0.21671523
TTC14	-0.5789416
SNF8	-1.1225765
VTI1B	-0.8964407
SETX	-0.9476255
SZRD1	-1.3635111
MYO9B	-1.2401768
GTPBP1	-1.3880887
MT1M	0.49623942
SMAP1	-0.26574546
PSMA2	-2.348669
BTN3A1	-1.4111811
HAVCR2	-0.6155469
PPP6C	-0.55963767
DENR	-1.4212251
DFFA	-1.5628706
LMBRD1	-1.3335032
PFKP	-0.41925955
SDCCAG8	-1.8383081
LSM5	-1.442215
LTBP3	-1.5799999
LTBR	-1.7561322
UBE2G2	-1.7437342
EPHX1	-0.44948986
KLRD1	-1.1552962
RSL1D1	-1.6660663
MBOAT7	-1.0823196
GDE1	-1.0384158
C5orf15	-0.81751466
PTPRB	-0.5212028
KCNK6	-1.2040693
LEPR	-1.5039444
FDPS	-1.2534186
DNAJC15	-1.4648618
AP2S1	-1.6528571
SLC39A1	-0.9818117
PCED1B-AS1	-1.2429099
RALBP1	-1.3192791
GTF3C6	-0.9637676
CAMTA1	-0.9790457
TMEM106B	-0.4146646
PSME3	-0.7718394
IMMT	-1.1432048
RASGEF1B	-0.92346156
TMEM9	-0.90043163
WFDC2	1.3413912
CDS2	-1.1429323
NDUFV2	-2.0548835
SLC12A2	-0.5527724
FUCA1	0.69501287
CCDC107	-0.024968524
PAK1	-0.66664857
GTF2A2	-1.4179277
PIK3C2A	-0.7902414
EIF1B	-1.4995443
WIPI2	-1.4660827
GUCD1	-0.72293025
PRELID2	-1.469316
MXI1	0.18309921
VPS26A	-1.2184702
SCD	0.7716806
CPSF7	-0.7279073
CCNDBP1	-2.0061302
THUMPD3-AS1	-0.60095483
LAMTOR2	-1.8648888
ZFP91	-0.92716104
RAB3GAP2	-1.4553161
SP1	0.07995448
GJA1	0.54830307
TANK	-0.9567414
SLC12A7	-0.35700902
FDFT1	-0.635029
ANTXR2	-0.76641357
CHORDC1	-0.34850308
RTF1	-1.0151751
CYP1B1	1.5908737
SAV1	-0.84281576
RCSD1	-1.351197
SLC22A18	-1.656332
NDUFS8	-1.5589137
AKT1	-2.05543
NDEL1	-0.8165643
CBX5	-2.3822165
POLR2J3	-1.356537
KCMF1	-1.3006914
NRP1	-0.9743849
MICAL2	-0.13177304
FAM45A	-1.506746
TMEM259	-1.2586488
RTL8C	-1.2124025
COPS9	-1.8706062
CD34	0.10194714
GNG2	-0.72123617
MFAP2	-8.962139
GABPB1	-0.6951858
LNPEP	-1.6680516
GIT2	-0.9855552
CITED2	-0.23516123
HDAC5	-1.0540653
MPC1	-0.7894542
DOCK8	-2.5046444
DNAJB11	-1.1697507
LRRC58	-0.83176595
ELMSAN1	-0.86916274
CAMLG	-1.5320094
SLBP	-0.66472673
FNDC3A	-1.8620191
CNIH4	-1.9179885
ISCA1	-0.97206116
TCL1A	1.0820922
SPTY2D1	-0.80638546
THEM4	-1.8117069
SNRPC	-1.0397378
NIPSNAP2	-0.3849446
POLR2B	-1.0064282
RCAN1	-0.4718465
RNF115	-1.4480176
PSMD7	-1.3892745
FARP1	-1.0302814
CRBN	-0.84195894
CLDN7	-9.035506
S1PR1	-0.40033624
UBE2E3	-1.1113397
MGA	-1.2661752
STX3	-0.9954881
DBNDD2	-0.59314215
SLAIN2	-0.09955778
TSR3	0.3986293
NUTF2	-0.48226744
ETHE1	-1.1989132
KPNA2	-0.99681664
SENP6	-1.3662957
GNA11	-0.6631063
RBM6	-1.1653877
SEL1L	-1.3971388
WBP11	-1.3006767
OPA3	-1.8970081
MAFK	-0.5511067
ABI1	-1.5824763
VGLL4	-1.2218531
EPN1	-2.2717552
AUTS2	-0.6486139
KREMEN1	-2.022423
PATL1	-0.0899112
DGUOK	-1.7192858
ARID3A	-1.2526101
TCEAL9	-0.3613699
COL17A1	1.7126142
TERF1	-1.2502862
FILIP1L	0.22603397
PRKACA	-0.9777597
LIMA1	-0.81488335
AK3	-1.467216
RPS19BP1	-1.0928904
ACO2	-0.63682634
SERINC5	-1.2067935
CDH5	-8.359945
PDE4D	-0.51307225
PRKCI	0.12540318
SEC24D	-0.9513993
COL11A1	1.6929265
DDX3Y	0.4621078
EPM2AIP1	-0.65799034
PPP4R3B	-0.9987202
DCTN3	-1.4067085
GORASP2	-1.3170024
STT3A	-1.2294983
LAD1	-8.398103
SMARCC1	-0.8604804
PRDM2	-1.2034092
FBXO33	-1.2443975
UQCRFS1	-1.6633255
BCL2L1	-0.31545895
SDE2	-0.54624397
CEP350	-0.8218441
CDH11	-0.5081978
CLDN18	2.7316325
MFHAS1	-0.45882678
DIP2A	-1.2147838
HERPUD2	-1.2119457
P4HA1	-0.4851531
SNX2	-1.1853503
IGSF6	-0.41154274
FAAP20	-1.2271253
BUD31	-1.8311054
RERE	-1.2811818
CTTN	-0.6137025
TMEM134	-1.010247
CFDP1	-0.6666563
CYB561	-1.4408534
CERS6	-0.47262236
MIGA1	-2.769054
TRIM8	-0.48525175
TP53I11	-0.36387318
MOB4	-1.2902317
ST14	-0.6803043
SPEN	-0.54105955
DUSP10	-0.87392426
RPF1	0.28254044
PSMA3	-1.10667
GGA1	-1.395967
ATP13A3	-0.897108
UBE2V2	-0.808638
TTL	-1.0254314
DCP1A	-1.2086247
MZT2A	-3.6248
ABLIM1	-0.4807895
SLC43A2	-1.2590133
FLII	-1.4313384
ENTPD1	-1.1560946
RAD23A	-1.7940754
PGM2L1	-0.5287868
NDUFC1	-1.3820027
TM7SF3	-0.1968131
PHLDB1	-1.1734173
SNX17	-0.8442484
RBM26	-1.7668986
STX4	-0.5684109
STX12	-0.70943475
SLCO3A1	-0.5701114
PPP1R14A	0.03500121
KLC1	-1.8156595
API5	-0.88094044
TSG101	-1.1273813
SH3PXD2A	-0.56573933
DDAH2	-0.44285557
SNRK	-1.5566324
NDUFB8	-2.3371623
GRAMD1A	-1.6101913
MT1F	1.1396939
ZNF791	-1.4595437
NR1H2	-1.8048378
CTBP2	-1.2015055
ADH5	-0.6865293
SAFB2	-2.45786
NARF	-1.1989027
RASD1	0.7325067
LSM3	-2.0144274
GATAD2A	-0.7352941
UBAP2L	-1.1279153
AP1M1	-1.7973076
ETFA	-1.9342885
EFR3A	-0.79449004
FDX1	-0.22547759
PRKCH	-1.1574913
SNRPA1	-0.8689758
SREK1IP1	-0.827561
RNPEPL1	-1.4530851
ASNA1	-0.7836941
MRPS16	-1.3897922
PPP2R5A	-1.7048255
CYFIP1	-1.1057645
SLC39A9	-0.7196741
MAN2A1	-1.2208693
RIN3	-0.82326835
RRAD	1.4110253
MCFD2	-1.0566906
RAB30	-0.539646
SCYL1	-0.6186015
LIAS	-2.244715
PSMD2	-1.7766836
ZNF131	-1.2588178
MCMBP	-1.0920517
TXNDC17	-1.0268527
CNPY2	-1.8406461
ANPEP	0.6040677
PLPP5	-1.3509653
SDHA	-1.2703471
SLC43A3	-1.011593
DPM1	-0.5940342
CFAP36	-0.27161327
DDB2	-1.4222587
ZNF101	-2.1472902
USP16	-1.1083084
ARL4A	-0.46954462
NFATC3	-1.2181436
MED1	-0.16597216
EIF3I	-1.8941274
SNW1	-1.1749581
ADAM17	-1.5061693
USP7	-1.2806258
ZRANB2	-0.38183022
MBP	-1.5233009
TMEM9B	-0.8370879
PTDSS1	-0.6181316
TAP2	-1.349252
SMS	-0.55861825
UBE4B	-1.1314957
ORMDL3	-0.7371558
NUMB	-1.2798697
PCYOX1	-0.93436605
GLYR1	-0.56434363
RRM1	-0.41063586
LAMA4	-0.39755684
MIER1	-0.79781526
ATG3	-1.1538783
SQOR	-1.2079816
BTK	-0.6843408
VPS53	-2.056342
MS4A4A	-0.12036069
POLE3	-0.32581267
GLTP	-2.3981915
HVCN1	-0.31210378
SLC1A4	-0.25603175
SSH1	-1.0180792
SSBP1	-1.2745907
RAB18	-1.3204833
UGGT1	-1.0249486
PEF1	-1.1193882
STX7	-1.035172
FASN	-0.17758146
PBX2	-0.49214548
PITPNB	-0.7969085
FAAP24	-2.604546
RXRA	-0.49200138
APRT	-1.8179573
SNHG12	-1.1181548
NAIP	-2.1672084
FBXO34	-0.6996458
KXD1	-0.97385824
STK17A	-1.3936929
PTPN14	-1.5432442
STX16	-2.0843363
NBDY	-1.2578254
PRMT2	-1.0629921
FXYD3	-9.150783
KHDC4	-1.1154783
PLEKHO1	-0.163443
IER3IP1	-1.9312963
MED4	-0.80996364
GPATCH2L	-1.3465632
ELF2	-0.9590727
EFNB2	0.012524007
URI1	-0.5742164
TIAL1	-1.0885457
ZMAT2	-1.0838965
VDAC3	-1.2487009
NF1	-1.8055203
ANKH	-0.6075469
KIAA1522	-8.817299
ALDH7A1	-1.6909349
EIF2AK1	-0.7574544
PLXNC1	-1.5669074
DUT	-1.2731918
AFF1	-1.1583257
ETV6	-1.422111
RNF114	-1.4973605
ADCY7	-0.8843496
DAZAP1	-1.9614396
MDM2	-0.78100705
HDAC2	-1.1582803
ANO6	-0.9721305
NOTCH1	-0.9569159
PPP4C	-2.5034845
SRSF8	-0.6969757
TMEM33	-0.50082165
BMI1	-0.28775036
TFE3	-1.5664325
CCL4L2	1.8373663
BAIAP2	-0.81079024
MXD4	-0.8261161
FIS1	-1.2842445
DDIT3	-0.56867737
ORMDL1	-0.81483835
SOX13	-2.1414828
ISY1	-1.53471
STK10	-1.8644325
MRPL3	-0.4604978
NRAS	-1.0890483
TPGS2	-0.714204
SMIM25	-0.49272355
CDKN1C	0.28945345
SRPK2	0.18436506
TAB2	-0.52832246
VMA21	-1.0240262
RIPOR1	-0.94507504
EIF6	-1.1129112
SELENOH	-8.372475
NUP50	-0.87769777
SEMA4B	-0.43580765
EDNRB	0.7181108
ADH1B	1.1676202
N4BP2L1	-0.92260677
DUS1L	-1.6792371
FKBP10	-1.1500552
SIRT1	-0.73566264
RHBDF2	-2.2244523
HIP1	-0.9281989
APBB1IP	-0.95497507
SCIN	-0.44413167
PTP4A3	0.2421814
RSBN1L	-1.2809659
BRI3BP	-0.75301874
NPTN	-0.93508685
SLC2A11	-1.4357263
AIP	-1.2142097
SLC5A3	-0.7983621
XPO1	-1.3829567
ZFYVE21	-0.8969171
C2	-0.3390865
ESAM	-0.43772104
USO1	-0.85628045
GOLGA3	-1.2152444
NUP210	-1.4391872
PTPA	-1.9365048
NECTIN2	-1.4542981
CNOT4	-1.6672252
SMDT1	-2.0290523
LRRC57	-1.410199
TUBGCP2	-2.1709468
JAML	-0.3487656
MRC2	-0.5121575
SAR1B	-0.8641468
PNPLA2	-1.3039342
MPST	-1.192435
TMEM243	-0.9919824
CISD2	-1.2629538
ECE1	-1.5191729
ATL3	-1.6111554
OGFOD1	-1.7181756
MAN1A1	-1.4674432
FAM49A	-0.68049943
GCA	-0.6948833
BIRC2	-1.3986905
PSMD1	-1.1470181
ZBTB1	-0.30527136
IREB2	-1.4877875
DSG2	-0.77963674
ERBIN	-1.6879342
MAPKAP1	-0.80233854
POLK	-1.0959109
FAM32A	-1.0245162
ALDH3A2	-0.6649747
C1orf122	-1.1857407
SCGB3A2	2.9628973
COMMD7	-1.8137608
FCHSD2	-0.46751505
PFDN1	-1.0338728
WDR33	-0.61207706
SP3	-1.1648382
TYK2	-0.97238064
STEAP4	0.23660785
KIAA0040	-0.62615323
SLC38A10	-1.008793
PHF3	-1.1203662
CRYBG1	-0.5942061
TSPYL1	-1.1842608
SNX1	-1.3227309
TGFBR3	-0.29537794
S100A13	-0.7376819
SIGLEC10	-1.3029963
DPP9	-1.5414315
YIF1B	-1.7659118
RPAIN	-1.3123993
MDFIC	-1.0256186
CNP	-1.2288036
KDM4B	-1.4060545
KIAA0319L	-0.86574143
SLC6A6	-0.99858665
OTUD5	-1.2978101
CMTM7	-0.2272198
RNF216	-1.8502473
ASXL2	-0.9677286
KIAA0586	-2.6875806
ZMYM2	-0.8579993
RTCB	-1.3359159
MS4A1	-0.36254352
HIC1	-0.53644276
STRBP	-0.29888886
AZI2	-1.1419421
COBLL1	-0.9064394
CALCOCO2	-1.235935
ZNF350	-1.1149689
NDUFS1	-1.8210726
SOX2	-8.899324
HMG20B	-2.2452116
ELMO1	-1.5960988
PSMC4	-1.3960062
C1orf198	0.12751023
MPG	-1.1458054
ACE	-0.19499236
GOSR1	-2.1092148
BEX4	-0.6692695
CDK17	-1.0404648
NKAP	-1.4653965
ACP1	-0.8127479
IL18R1	-0.6720068
TMEM119	1.0407805
ADAM12	0.28844225
THOC2	-1.1485983
SCFD1	-0.84696025
TRAPPC3	-2.4272318
PSMD12	-0.6266413
FGG	3.852073
HPS1	-1.5669591
GTF3A	-1.8921176
USP47	-0.870247
MDH1	-1.8349891
GRHPR	-1.7251678
MSMB	2.5609345
RB1CC1	-0.97920245
PRDX4	-1.0625999
HSPA13	-1.223746
CAB39	-1.7393218
TUBB2A	-0.309232
GLRX3	-1.3367913
ITGAV	-1.1770599
ERF	-0.42058122
GPR155	-1.4227707
CSK	-1.521326
MRPS18B	-1.0234667
CEBPZOS	-1.6359133
MAP3K1	-1.174444
UACA	-0.6656047
PDE4A	-1.400981
DENND1B	-1.8369358
CLNS1A	-1.5051404
FUT11	-1.2259074
CCM2	-1.116809
USP53	-0.75555974
RBSN	-1.8586541
DNMT1	-0.7752311
ARHGAP26	-0.7901883
FLNB	-0.89264905
CARMN	-0.7389627
GAS6	-1.5055168
U2SURP	-0.624429
STAT2	-1.5134776
EMILIN1	-9.296025
SLK	-0.8834377
PRPF38A	-1.4268321
ELK3	-0.73658174
VEGFB	-1.2406954
TCOF1	-0.9426079
DNAJC1	-1.2908283
SPINK4	3.9906528
SEMA4C	-0.39049852
PSMB9	-1.075638
ITGAL	-1.1434164
NUP98	-1.2790501
MTCH2	-0.87571305
SEC16A	-0.45759287
RDH11	-0.5585449
NIN	-1.3675299
PPP6R1	-1.2570007
CDK12	-1.0158789
RASSF3	-0.82715666
INPP4A	-0.9433634
UBE2E1	-1.3394994
TIPRL	-1.1556184
FBXL5	-1.3546993
TNFSF13B	-0.10191995
TMEM219	-1.1098385
PTRH1	-2.6819873
KRAS	-0.9215328
CLCN3	-0.2906695
ADSS	-1.1604114
TOPORS	0.052623395
RUBCNL	0.29650602
SMARCA4	-1.4947282
ATP6V0A2	-1.1572634
TMEM184B	-1.7623885
UBTF	-1.2335384
CBLB	-0.8523082
FBP1	0.40477693
CA12	1.0226419
RAB22A	-0.8022071
METTL5	-0.6080557
TM2D1	-1.0659342
APOC2	1.9811957
SELPLG	-1.0029879
OPN3	-0.36189848
SLC9A3R1	-1.0595397
LOXL1	-0.31479156
TRIO	-1.0731858
CHD9	-1.0285963
BIN2	-0.9330653
PHACTR2	-1.090051
COPS2	-0.77887434
VSIR	-1.2911036
UBE2G1	-1.0334133
PMF1	-0.61368364
HAT1	-1.3393666
PLA2G16	-0.81373936
MEG3	0.9485212
CSGALNACT2	-0.7293106
TMEM70	-0.44940308
MARS	-0.9762506
NSMCE1	-0.4842386
CD2AP	-0.61570805
BCL11B	0.04238867
OAS3	0.24078181
SESN3	-0.10152347
XRN2	-1.4439415
SHOC2	-1.0588595
KPNA5	-1.9350274
CXCL12	0.79275346
ILK	-1.7902348
IGLL1	1.5553578
NIPA2	-1.7067375
ADGRL2	-0.30485907
SRSF6	-1.947692
CD27-AS1	-1.6562228
NCF1	-0.7748508
GADD45GIP1	-1.0739566
NANS	-1.0525703
MGST1	0.4858761
ZDHHC20	-1.7249795
GINM1	-1.0839887
SMC1A	-0.41688606
LMCD1	-0.66394943
DR1	-1.5763894
CCDC142	-1.8143821
MTHFR	-1.1027342
FRYL	-0.56371325
TRIM41	-2.0334945
KCNMB1	-1.1948624
HIPK3	-1.3673089
JADE2	-0.80988824
CTSG	2.514971
CYGB	0.20366518
CCDC115	-0.58427256
DNAJC21	-1.2424197
CD68	-1.0685312
PPCS	-0.50044453
ACTR1A	-1.893813
PROS1	-0.22458097
PML	-0.49575862
LSM12	-0.5173398
VEZF1	-0.48775727
REEP3	-0.86092854
DNPH1	-1.0823734
FCN1	1.3685277
QSOX1	-1.0853766
ANKHD1	-1.862161
DDR1	-0.33659586
NDUFAB1	-0.7468914
DOCK9	-0.76052105
PLEKHA5	-1.5595342
HTATIP2	-0.917995
PCYT1A	-1.4444923
DOCK10	-0.7086564
BECN1	-1.1102486
MECP2	-1.0870087
NCOA3	-1.3798314
PPM1A	-0.8486419
FAM126B	-1.647332
ZFAND6	-1.4255316
CXXC5	-0.8899149
GNL1	-1.0612887
NEK9	-0.76506066
EDEM3	-0.61818904
XAF1	-0.58953786
GLMP	-0.5427508
MRPL32	-0.77943856
POR	-2.0247679
SULF2	-0.7474526
TWF1	-1.43545
LPL	1.617424
CSNK2A1	-1.4068776
DMAC1	-0.4783842
ITSN2	-1.5397242
COL27A1	-1.012518
PANK3	-1.2567952
NAPG	-1.2453699
FAR1	-0.7714025
PPTC7	-0.7850855
HEATR5A	-2.2723527
FOXK1	-0.43452033
ZYG11B	-1.2081275
PARP4	-0.7983276
TCEAL4	-0.49690127
ZNHIT1	-1.195372
CGGBP1	-1.4927478
S100A14	-7.849488
ATP11B	-1.1660295
MRPS15	-2.154162
UNC5B	-0.16201347
HSH2D	-2.0443466
ID4	0.57626426
HMGCS1	-0.17570439
EDN1	1.3522574
ANGPTL2	0.5872476
TNPO3	-0.72754943
ARHGAP15	-0.9674364
RAB3GAP1	-1.1973218
DUSP22	-0.5493433
C6orf89	-1.0850857
PSMD9	-3.0193343
HLA-DOA	-0.39647746
ITGA2	0.31211805
ITPK1	-1.0056509
NET1	-0.15040219
SEC23B	-0.79312396
TNFSF12	-1.4173896
LAMB2	-0.9490439
PTPN11	-0.5931406
TMEM189	-2.3026965
KANSL1	-1.7587705
CCDC85B	-0.9749664
WDFY2	-0.72720677
NT5C2	-8.2559595
SERPINB6	-1.0438561
MAP2K7	-1.2461094
SVIP	-1.0469956
BLMH	-0.4456766
FEM1A	-1.2328241
PDPR	-0.8874698
EXOC7	-2.9526045
MFSD14B	-0.8745773
XPO6	-1.0775912
PINK1	-0.9491823
DLST	-1.165442
PHF20L1	-0.97547716
LAMTOR3	-0.56865853
CREBBP	-1.141976
USP33	-0.19743165
ADCY3	-0.5004428
NDRG2	0.2567419
GOLGA2	-0.6369685
GRAMD4	-0.8496232
FAM228B	-1.7078197
GGCT	-0.08767673
ANKIB1	-0.9587474
ESD	-0.7569344
TINF2	-1.8715445
MFF	-1.4470438
BFAR	-1.5874709
KIF1B	-1.6484541
DENND3	-1.0335196
DICER1	-1.0861713
SCAF4	-0.88372874
LRCH3	-1.3231801
RAI14	-0.3062187
HMGA1	-1.7774829
TMPRSS4	0.20844157
UBR5	-1.0394672
COPS5	-1.3313891
TMED3	-1.298905
MANBA	-0.80602294
PBXIP1	-0.84580976
DNAAF1	1.4833392
PPP1R3B	-1.8932304
GLO1	-1.3917246
PNPT1	-2.0454779
RNF220	-1.1295393
HNRNPH2	-1.6290578
GOLIM4	-0.22951171
ZNF292	-0.8316463
GK5	-2.5694451
FAM89B	-1.3700109
ATP11A	0.03747023
CASP3	-1.2582844
ABCF1	-1.15355
NOL7	-1.3649002
SNX6	-1.3904201
MAP2K2	-1.3362159
TNFAIP8L1	-1.6762471
KHNYN	-1.0627409
SLC11A2	-0.42047924
SARS	-0.8056753
PET100	-2.550713
KIAA2013	-1.2203516
REV3L	-0.65834117
PRELID3B	-1.1710943
TNFRSF21	-0.38771597
RORA	-1.0610541
PCMT1	-1.3603741
MAPK13	-0.83236027
IL10RB	-1.8401682
ALG5	-1.2444235
SUN1	-0.87498903
MMP12	3.0079534
BCAT1	-0.08124551
RNF126	-1.0035855
MOXD1	0.26121756
CNOT11	0.87284154
CLEC14A	-8.840328
POU2F1	-1.0857031
ITGA3	-0.8762044
WASHC4	-1.8103833
ZBTB8A	-1.913879
OGFRL1	-0.8681149
FRMD4B	-0.09045842
NAXE	-0.65782136
UBXN7	-1.1983602
B4GALT4	0.08184623
ITPRIPL2	-0.8614143
TPMT	-1.4202727
TADA2B	-2.5582826
PEAK1	-1.0877327
ATP6V0A1	-1.1208203
FGFR1OP2	-1.265033
SPATA13	-0.6434259
SNTB2	-0.52144825
PRRC1	-0.64744693
MOB3B	-0.89730614
NOTCH2	-1.4012375
GSK3A	-1.2997681
NRDE2	-2.0199306
SLC16A1	0.54523253
CWC25	-0.5672488
CYTH4	-1.2872211
MOB3A	-1.1502342
STUB1	-2.1157002
LYSMD3	-0.45343408
MRPS18C	-2.4549475
SLC25A26	-1.9525986
LRRC41	-1.839432
SMC3	-0.41177338
TNRC6C	-1.4957235
CBR1	0.12123732
TIMMDC1	-0.964548
FGD5-AS1	-2.1322584
FUBP1	-1.2050141
CASC3	-1.7992388
NPL	-0.10236321
ANKRD17	-1.0080793
PCNX1	-1.8108121
THAP2	0.12003326
EAPP	-0.7361195
PRPSAP1	-0.8729715
RBCK1	-0.6529228
ARSD	-1.7639923
BLOC1S2	-0.66350114
UPF1	-1.5297277
ZNF638	-0.6229296
TBC1D15	-1.1147239
TP53BP2	-0.8223342
BAZ1B	-1.3034583
ZNF397	-2.853277
DYRK1A	-0.8854366
C19orf70	-1.6486151
RABL6	-1.3421372
YEATS2	-1.1949023
GLA	-0.4407763
ARHGAP25	-0.33546472
OSBPL9	-0.57181185
TNFAIP6	0.28007147
CYBRD1	-0.97652143
LRRC59	-1.949317
AP1G1	-1.0998948
CCNL2	-1.3981597
COPS3	-1.066918
GNPDA1	-0.71315736
TMCO3	-1.2044724
LPCAT2	-0.38198763
SZT2	-2.3050215
EXOSC6	-1.0734141
CIR1	-0.98675156
GYG1	-1.3228543
ACAT1	-1.1562077
USP10	-1.1812409
NKG7	-0.54208255
ARHGAP17	-0.7269331
NUS1	-1.2316239
PHF5A	-0.764687
DLG1	-0.98547804
FOXO1	-0.69769096
NXPE3	-1.3999317
SESN2	-0.52034575
PPIC	-0.82895035
MMADHC	-1.6487343
ABI2	-1.2443821
TOR1AIP1	-1.6945435
MALL	0.9258412
IRF3	-1.4782094
TRIM26	-0.43118128
RAB29	-1.1267426
PCMTD1	-1.0115141
RBM47	-1.4155198
RBL2	-1.419194
CTR9	-1.3913258
SIN3B	-1.8933072
TSPAN31	-1.6206883
SRPRB	-0.8247409
MID1IP1	-0.8845621
DESI1	-1.7964835
NPLOC4	-0.92029124
DAD1	-2.242363
TJP2	-0.5232374
MYO1B	-0.058790695
MSRB3	-0.9111331
FAM53B	-1.0079684
NCK2	-1.1152968
KDELC2	-1.1305447
PSMB6	-2.7823453
LEO1	-1.3347924
DDX54	-0.8557894
CORO7	-2.8259602
CPSF6	-1.4223503
ANKRD62	-2.314535
UBAP1	-0.7147566
MYO1F	-1.652996
HERC2	-1.3691666
MCM6	-0.39269522
MEF2A	-0.8737542
IVD	-1.4425638
TTC17	-0.5926827
SPSB3	-1.068825
UQCRC1	-1.8515027
IFNAR1	-0.9652686
TNRC18	-1.3735155
RABGGTB	-1.1426628
VPS41	-1.2975038
BTF3L4	-0.97825915
PIK3CG	-0.030699624
CLK3	-1.4139887
GNA15	-1.0757931
PHKB	-0.9760716
LRPPRC	-0.5433845
PPP6R3	-1.0251409
OXSR1	-0.67793685
SHANK3	-0.77516454
ZNF426	-1.8689868
TBC1D5	-1.2171717
COPS6	-1.1790333
LGALS4	1.1359711
ANXA4	-1.212883
SNX10	-0.4612906
CRYZL1	-1.6608121
RDH10	0.2747859
HSPA4	-1.3091085
FERMT2	-1.4962535
NME6	-2.2792563
VRK3	-1.0316325
GPC3	0.9990472
BAX	-0.93615603
NUB1	-0.5366608
ZMPSTE24	-1.0990101
RASA2	-0.23860694
MTMR9	-0.6173533
FAM91A1	-0.57827044
ICE2	-1.52465
RNF24	-1.078396
USP48	-1.0473098
NCBP2	-1.2354461
PRKACB	-1.3212008
IP6K2	-1.0168546
CLEC7A	-9.844397
PTPN7	-0.8425822
WDR45	-1.6286756
NME1	-0.9004663
TRIP6	-0.93214685
EMILIN2	-0.7598206
RNASE6	-0.667965
DOCK7	-1.6808875
PMVK	-0.4987891
DKC1	-0.41077295
SLC7A11	-0.5203819
DECR1	-0.7691551
IL6R	-1.2926457
BUD23	-1.8360089
KIAA2026	-0.54348415
CHI3L1	1.9661248
UBXN6	-1.3958573
ABHD15	-1.6810066
FBXO9	-0.8152632
TMEM263	-0.8854838
UBN1	-0.7563084
CHIT1	2.5910168
PSIP1	-0.783613
PRMT1	-1.8336887
ZNF454	-1.1957911
ARHGEF1	-2.6450517
ALDH18A1	-0.7259972
ATP2C1	-1.9393747
QRICH1	-1.6566336
CTSE	2.3633559
GSTM3	-0.6197545
TRPM7	-0.73392195
PPM1B	-1.5583456
DCAF8	-1.1850941
NDUFS7	-1.6438503
CHRNB1	-2.6231363
NDFIP2	-0.8921979
ZDHHC9	0.054897945
YES1	-0.80594754
EFTUD2	-1.151253
TM2D3	-1.0739012
RIT1	-0.94294184
PRPS2	0.25840572
POLR2G	-1.8996173
ABCC1	-1.2358313
SSPN	-0.5051004
KANSL3	-1.8107237
TNS2	-1.5417676
PRRX1	0.045273732
SRP68	-1.2298663
ABCC5	0.3088541
PAICS	-1.1673708
RLF	-0.037698444
FBRS	-1.2147672
TAF9	-0.72830385
UBAC2	-0.12465417
MGAT4A	-1.9182577
DDX27	-0.80178314
NDUFA10	-1.2399409
SLC35A3	-1.4086299
EHBP1L1	-1.8812674
WIPI1	-0.9705755
LAGE3	-0.9676954
FRMD8	-1.1812236
PIP5K1A	-0.42111924
FBXL3	-1.0981226
EMC6	-1.0711491
SRP19	-1.1503404
TMUB2	-2.2518106
DDI2	-0.6180056
HINFP	-2.7405434
PLOD1	-1.1539453
PIN1	-1.4372294
VPS13D	-1.0786942
STX11	-0.8223297
MMP19	0.26566792
ABHD12	-1.1047852
TLR7	-1.4678663
DERL2	-1.3015138
PSMC3	-0.7204027
SHKBP1	-1.734733
TMEM14B	-1.9419218
KMT5C	-5.6205616
CENPB	-1.5356915
ZNF267	-0.4201027
DCK	-1.0587223
AGFG1	-0.99962944
ERAP2	-1.12972
SDF2	-1.3674781
AGAP3	-0.5434638
TMEM50B	-0.9740726
FBLN5	0.46438903
FNIP1	-1.4495697
SPSB1	-0.4656834
SREBF2	-0.39100176
SPRED1	-0.79140544
EPB41L4A-AS1	-0.8057075
KPNA3	-1.1033838
VEZT	-1.2227716
TIMM13	-1.1731496
VKORC1L1	-0.75805205
ODF2L	-1.425863
RNF167	-1.2626015
OSBPL1A	-0.2804731
RABGEF1	-1.0377227
GON4L	-1.9372785
HMGB3	0.53393644
GMEB1	-2.0365977
BRD3	-0.98351324
SPTLC2	-1.5486599
PQBP1	-1.0732247
SGPL1	-0.95829326
MRPS10	-0.84487146
NDUFA12	-1.1626427
WAPL	-1.4038903
ZNF445	-2.6008072
C9orf16	-1.533284
SFXN3	-1.4577734
DVL3	-0.5132479
ABHD17A	-2.1000338
NADK	-1.7066561
BABAM1	-1.3778658
SLC35E2B	-1.9871997
SASH1	-0.7617997
PHC3	-1.0426784
PRPF4B	-1.0223125
MIA3	-1.7861323
MARCH7	-2.0461383
NUAK1	0.15517126
IMP3	-0.18061373
JMJD8	-0.29132015
SFI1	-1.6939191
DRAP1	-1.7089562
CDK16	-1.2177244
KRR1	-1.3715833
OPTN	-1.2273167
FBXW2	-0.7787742
NDUFB6	-1.6878173
SPPL3	-1.5441327
POLR2C	-1.884319
IL1R2	0.4873115
MFSD4B	-1.920707
EGR2	0.43137535
TMEM205	-1.2401806
PTPN18	-0.7727004
ARMC10	-1.6976156
SIK2	-1.0327113
TDRD3	-1.193558
MAVS	-1.7946923
SRGAP1	-1.450578
ARHGAP5	-0.7342039
TRAK1	-1.0715132
MRPL41	-1.7081789
PDCD10	-10.595964
LAMA5	-0.6009876
FGD4	-0.8803231
FPR3	0.34557074
DDR2	-0.8221399
WDR73	-1.1661655
MED27	0.64434546
CXCR2	-0.4620585
SH3BP4	-0.7360974
DACT3	-2.3252144
EGFL6	0.3392969
C3AR1	-9.24296
THOC7	-0.8374449
DCUN1D1	-0.6404874
ZNF639	-1.1938664
PPIL4	-0.44577718
MAP3K3	-1.3124418
BDP1	-0.89979666
P3H1	-2.1789083
CREB1	-0.9789437
MAML1	-0.46248254
RNF41	-1.0606371
DUSP16	-0.2877794
CDYL	-1.6286787
RELA	-2.022178
H1F0	-0.022290748
SSBP3	-1.0237892
MFN2	-1.2251693
MRPL34	-1.2878749
NDUFA9	-2.1072638
NMT1	-1.1848428
ACLY	-1.5102042
RETREG3	-0.44072524
GLB1	-1.5359279
HSD17B4	-1.6184554
HACD3	-0.64651346
DIO2	1.7708426
TMEM256	-1.5437353
HMBOX1	-0.8728316
INMT	0.92393196
TRPC4AP	-1.4412848
MED15	-1.6725651
ZNF33A	-1.4752516
CFH	-0.049231354
CETN2	-0.16673869
CAMK2N1	-0.07595604
RRAS	-0.8390206
COA1	-2.8053076
SYNPO	-0.72411585
EIF2AK4	-1.7558135
TIMM17A	-2.3646517
UNC13D	-1.5579487
IFT22	-2.1736584
RBMS2	-0.5231567
RFC1	-0.8260864
PRKCD	-1.0083442
ITK	-0.097889125
UTP6	-0.3391119
PDLIM2	-2.5146098
MRPS33	-1.5261271
KEAP1	-0.39216635
GALM	-0.09698788
EGLN1	-0.701387
EFCAB11	-2.6761897
MEPCE	-1.028968
ITFG1	-1.1456435
BCAP29	-1.635835
CCNT1	-1.0140734
PAK4	-0.6650467
RAMP2-AS1	-2.8133435
KLHL7	-0.8824789
CD302	-0.97041863
CREBL2	-0.7139006
DYNLT3	-1.0834059
KBTBD2	-0.33439162
PBX3	-0.7902728
CEBPG	-1.5563693
NR2F1	0.6312169
YTHDF3	-1.1145866
ZEB1	-0.59804726
SETD2	-1.0989523
NTMT1	-1.7851484
CTDSP1	-2.238295
RCOR1	-1.0079204
CDC123	-1.7894927
ARL5A	-1.5353024
RNF144B	-0.59133977
POLR2D	-2.7982326
CCDC186	-0.9542671
MRPL43	-1.249022
LYST	-1.0871465
DENND4B	-0.91892
STK25	-1.8616452
PSMF1	-1.4923587
FCGR2B	-0.67524916
MTHFS	-0.8166184
DMAC2	-0.56755894
DTX3	0.4254087
LPIN2	-0.50338715
OTUD1	-0.12746131
BTNL9	-0.22454059
MYO1D	-0.6503021
GMCL1	-1.3051046
TBC1D1	-1.778744
MRPL10	-1.8638679
RXRB	-0.9591217
TMEM106A	-1.3934646
FAM204A	-1.0953766
COLGALT1	-1.3976746
GNB4	-1.5372368
KLHDC2	-1.2930573
S100PBP	-1.2906412
SIPA1L1	-1.22169
PON2	-1.2473496
ITIH5	-1.1351138
WLS	-0.51404595
PARVA	-0.72803175
FAM43A	-0.73758185
FAM192A	-0.7239802
LYPLA2	-0.9225084
TMEM154	-1.4054458
SVIL	-0.43310094
RELT	-1.1143702
ENOPH1	-0.41641393
FAM84A	0.5786178
SART1	-0.92307186
NEDD4L	-0.97359926
CWC15	-1.1974294
ZNF562	-1.3947519
NAV1	-0.86859316
PTPMT1	-0.9710068
ORMDL2	-1.7305536
SPG7	-1.2783457
MSL2	-1.3459452
C2orf69	-0.58334243
ASB3	-1.0248276
DDX50	-0.38970023
ARMC8	-0.99554527
PIGX	-0.45216787
PSMG2	-1.9475989
MRPS7	-0.8407803
ME2	-1.54442
FBLN2	-0.48516783
MLX	-1.6465437
PAPSS1	-1.3813895
FBRSL1	-1.8128626
PRDX5	-1.1293263
CD40	-0.41410246
SMAGP	-1.013347
HILPDA	0.90372854
ZDHHC5	-1.3417419
PKIG	-1.4461986
SIDT1	-0.5053446
CAMK2G	-1.8012184
PDGFRA	-8.402389
N4BP1	-1.2025303
AP2A2	-1.264803
ZSCAN18	-1.7974751
TTC1	-0.8670547
TNKS2	-0.7948527
GCLM	-0.7527554
PSMD10	-1.2589139
NMT2	-2.0513046
PDCD2	-0.6912931
TMEM98	-1.1310521
AKAP17A	-1.1899279
USB1	-0.91471756
MFSD12	-1.147188
RNPEP	-1.907455
ARFGEF1	-1.1238492
TSC2	-2.355054
XRN1	-1.5338826
ELP2	-1.6981406
SEPT8	-0.9632923
SCCPDH	-0.34567347
AGPAT3	-1.2433451
CTBS	-1.4771205
TMEM213	-3.0756972
UPF3A	-1.088019
ADAM9	-1.4416002
UHMK1	-1.6550756
MAN1C1	0.6232509
MARVELD1	-0.912641
TNFRSF9	-0.15689445
MPDU1	-1.8428398
CX3CL1	-0.25907797
DNTTIP1	-0.58174884
OSTM1	-1.6571169
ABL1	-0.7992113
MAZ	-1.2554605
TBRG1	-1.6101245
FEM1B	-0.3504713
KDM5C	-2.3100994
FEM1C	-0.5164669
SEC22C	-1.8940482
CHPF	-0.7533703
EMCN	-0.059653573
LMO7	0.00093004823
LILRA4	-9.23757
IGBP1	-7.0946217
CSNK1G2	-2.655832
C14orf119	-1.2143979
C15orf40	-2.3423965
NCK1	-0.14907962
FAM126A	-1.1309671
NQO2	-1.9001762
ENC1	0.036725253
KMT2D	-1.8327643
COL15A1	0.76961744
DIS3	-1.6017363
RGS13	-0.2543748
TRPS1	-0.22616522
SERPINB5	1.165825
UFD1	-1.0040226
ANKRD40	-1.1644568
LATS2	-0.5012166
FBXO32	0.26304767
HPS5	-1.001342
ICA1L	-1.6674178
CTSO	-0.69788307
PIAS1	-1.2806631
CCDC117	-1.2163244
ERCC1	-1.2819685
PYCARD	-1.3203431
ASRGL1	-0.39761463
B4GALT3	-1.0775725
COA4	-1.8919277
RFLNB	-0.69023895
PITPNC1	-0.45906988
EIF4G3	-1.2834476
UBE2F	-1.3048714
PSMC5	-1.7238504
RUFY3	-0.69432133
TMEM14C	-2.534092
LINC01588	-1.9280382
SS18L2	-1.7858442
C22orf39	-1.1325496
METTL21A	-1.7327343
KRT7	0.7508944
TLE1	-0.76192826
ACAP1	-1.3346969
GFM1	-0.9567577
GNA12	-1.9174621
STARD9	-6.4358215
DNASE2	-1.4745634
CCDC57	-2.2383351
COG1	-0.55196124
STAT5B	-1.820342
DOCK11	-0.49869612
RAB25	-0.081212126
LAT2	-1.0665042
FBXL19-AS1	-1.8235744
SF3B3	-1.4137676
GAS7	-1.2082295
ADAP2	-0.6572859
GJC1	-1.7230473
ETNK1	-1.5969471
GPRIN3	-0.50719565
CCNC	-1.269367
DNAJB2	-1.022886
UBE2W	-1.032953
GID8	-0.9560682
SEPHS1	-0.55027366
PPARD	-2.6032732
ABR	-1.3945135
ARHGAP30	-0.8019944
PLBD2	-1.2882552
CKS1B	0.18882737
DRAM2	-1.519757
DNTTIP2	-1.0442914
HEBP1	-0.94579977
VHL	-1.0680918
BICD2	-0.42405018
SCAMP4	-2.2367365
CLN5	-1.2953104
SLC7A7	-1.0337495
KDM3A	-1.1804688
RPS6KA2	-0.87101
FLI1	-1.1346622
INTS10	-1.5126978
ARHGEF3	-0.44696322
NCBP3	-1.0643337
DIP2B	-0.92933476
MTRF1L	-1.3523523
SOAT1	-1.1736488
MTMR6	-0.9619744
MBD1	-0.12040223
H2AFJ	-1.6432455
COX16	-2.036627
PHYKPL	-1.0113448
PCDH11X	-1.8487306
MAPK3	-1.4408774
MTG2	-1.9283625
MRPS14	-0.33795705
TECR	-2.0671847
PSMC2	-1.5659262
NFAT5	-0.9898666
HIVEP1	-0.84297884
CCNB1IP1	-1.4631577
ICMT	-1.2350241
ARL1	-0.62711596
C19orf47	-2.340369
APIP	-0.56008595
USP37	-1.3411847
MCM7	-0.74083436
NAGA	-0.67006916
NDUFV1	-0.58912724
SLPI	1.1376222
ZNF785	-1.990026
DNAJC2	-1.1858318
PARVB	-1.231517
RNMT	-1.3556995
NFATC2	-1.475614
AKAP12	-0.060656242
KIAA1328	-2.8812602
GOLT1B	-0.76943135
BCL2L13	-1.5086576
SLC7A1	-0.26427874
TMEM181	-1.3615662
CSRP2	-0.5543442
PPP4R2	-1.2702148
FLCN	-1.415175
LY86	0.028328272
VAV1	-0.8110896
ZSWIM8	-2.055955
AXL	-0.0030730239
C12orf49	-1.101889
NUP93	-1.7924494
DCUN1D3	-0.6624242
P2RX4	-1.458911
YTHDF1	-0.69634134
DHRS3	-0.96745974
CLASP2	-1.1003762
RETREG2	-1.4529803
ALKBH7	-1.4874924
KIAA1109	-0.67042077
NT5C3A	-0.74879414
TIMM17B	-1.3223329
STK40	-0.8746788
JAG1	-0.5271557
SDC3	0.28209335
SCRN1	-0.87628996
CEP170	-1.228339
ARHGEF7	-1.942324
MPLKIP	-1.7811648
SLC35B2	-1.2798907
DCAF10	-2.3615494
NDUFS4	-1.6309208
PHF6	-1.6126744
GRPEL1	-1.007443
KCTD5	-0.8652616
GRIPAP1	-1.5858743
IFITM1	-1.0208174
PDPK1	-0.9299161
FIBP	-1.5436804
SLU7	-1.6680256
RSBN1	-0.39723465
HGSNAT	-1.3511469
MZT2B	-2.1954715
ZDHHC18	-1.0139244
CTNNBL1	-1.3942549
RAP2A	-1.0280018
LGALS9	-2.0464046
SMPD4	-1.9017497
AHCY	-0.73639464
MSL3	-1.27803
OLFML3	-0.3768186
QPCT	-0.100848064
EFEMP1	1.2021056
DUSP7	-1.0552981
MSMO1	-0.5865773
PPP1R12B	-0.6343152
FAM50A	-1.3769176
NDUFAF8	-0.8831196
RBM7	-1.4047538
MYO6	-0.48130977
ERG	-0.5193618
CREBZF	-1.1008246
ZDHHC3	-1.0261687
LYRM4	-1.9417784
HMCES	-1.1826798
TIA1	-1.6411407
PDCD5	-1.652926
H6PD	-1.4148928
ZHX1	-1.2480035
FBXW5	-0.80144066
GCNT3	-1.8907636
OAS2	-0.501099
KLRB1	0.08742048
VPS51	-0.9883193
TMEM43	-1.847464
MIR4435-2HG	-1.3531293
APCDD1	0.06670916
KLHDC10	-0.44021732
TGFBR1	-0.91836786
SFXN1	-1.4655381
PRDM15	-1.6142454
BPGM	0.18355833
H2AFX	-1.4354761
POLR2I	-1.274533
IFT57	-1.1308593
SEC24A	-1.133912
KIF1C	-1.1226969
FAM120AOS	-1.1464863
LRRC32	-0.5614449
MR1	-1.7711731
LAMC2	0.7911724
ATP6V1C1	-0.88036317
TSPAN4	-0.4413853
RBM33	-0.677333
WDFY1	-0.5984799
DSE	-1.2099286
ICOSLG	-2.1150095
POP4	-0.8754009
TRIB2	-0.7525109
C5orf24	-0.8323342
SOCS1	-1.1901025
GIMAP4	-0.3489629
NKIRAS2	-1.621314
CARD19	-0.92115915
MED10	-1.4752865
HCFC1	-1.6108179
OSTF1	-0.73062235
CBL	-0.79067194
PRKD3	-1.2680676
IL27RA	-0.92969245
KIAA0355	-0.832265
ZNF611	-1.0508448
TRIP11	-1.9690076
RAI1	-1.3498502
DDX39A	-1.3390791
ETFB	-1.0164579
CCNG1	-1.613397
USP1	-0.34866726
RAMP3	0.06337689
MAPT	-1.3873067
PLPBP	-1.7904358
MRE11	-1.9096673
DCAF11	-1.5277014
TFDP1	-1.5317308
PIK3CA	-1.066049
TPSD1	-8.180348
TRIM25	-1.0461991
RAB11B	-1.829231
SF3A3	-0.98889714
MTO1	-2.1077862
ECHS1	-0.9783927
PREPL	-0.45716754
RIF1	-0.9884147
ITPR1	-1.5258068
RCN1	-1.4611351
ITGAM	-0.78674835
CSTA	0.45198086
NUDT5	-1.6968724
PI4KA	-1.659336
APOLD1	0.5937702
HGS	-2.248311
PAIP1	-1.4485879
IL10RA	-1.3413298
B3GNT2	-0.70021236
ZNF37A	-1.122117
DNM1L	-1.4371079
BRD7	-1.3168687
ARRDC3-AS1	-2.261805
FLAD1	-1.512763
ATP13A1	-2.1897771
GOT2	-1.7715856
PUF60	-1.5628201
MARVELD3	-2.146168
AIG1	-1.4466821
TET2	-0.7097509
WSB2	-1.1077965
JPX	-1.8708178
TCF12	-0.97806185
MT1G	2.0379045
IRF2BPL	-1.885422
RBM10	-0.72144026
STRIP1	-0.47556856
NOTCH4	-9.017704
TWF2	-1.561539
DHX38	-0.8333914
DCAF13	-0.5288201
TRIP10	-0.8900768
STC2	0.8927787
LRIF1	0.043604307
PLSCR3	-1.3124168
TLCD2	-1.6439799
PSEN1	-0.9752355
ACADM	-0.34801432
GNPTG	-1.431741
ANKRD44	-1.3617604
ADGRA2	-1.4989157
CPSF2	-2.2164624
SYTL2	-0.82159215
NAAA	-0.47298017
MBD6	-2.5157032
FOXJ3	-0.26472938
SLMAP	-1.8184726
NAA20	-2.074951
CEBPZ	-1.515102
PDK1	-0.8543865
TSPAN10	-1.788515
TPD52L1	0.5921795
KAT6B	-1.2199422
LPCAT4	-0.295408
RAB20	-1.353933
USHBP1	-2.228517
SGK3	-1.6630262
CD2	-0.617218
CYTOR	-1.2864512
MYO1G	-1.3765554
AKIRIN2	-1.0262052
ACAA1	-0.62003577
TMX3	-1.2758936
LARP7	-1.3608106
PPA2	-2.104191
CUL1	-1.1172965
RBM12	-1.3905028
KCNAB2	-1.6319804
RECQL	-1.039412
RTCA	-0.55655485
PIEZO1	-1.5067381
NSUN2	-0.830253
NUP58	-2.1378653
FCF1	-0.9004541
GRHL1	-1.1279875
NRBP1	-1.6563975
TPCN1	-0.69850445
CCDC90B	-1.1031306
TOMM40	-1.5326307
KAT7	-1.3385575
RIPK2	-0.9581354
GZMK	0.7389111
ZNF430	-0.8483335
FAM241A	-1.8980778
TAF6	-0.5294306
ZNF347	-1.40482
TNFRSF14	-1.3417923
ABCE1	-1.1569409
NIFK	-0.12837328
MICAL3	-9.027678
RNASEH2B	-1.1545893
IPO5	-1.7502699
GOSR2	-1.0997618
GJB2	1.2145463
SECISBP2	-0.88919413
IFT20	-1.1475725
TRAK2	-0.49138346
TSN	-1.2079053
SUGT1	-1.3084922
RAPGEF5	-0.18371885
ADAMTS2	-0.25611123
CHCHD3	-0.94011074
PPP1R7	-1.0670472
DSC2	0.157369
MIR22HG	-1.2171454
LYRM7	-1.8108116
MAP4K5	-0.7898473
CCBE1	-4.216872
SNAPC1	-0.511557
KIF13A	-0.47619107
SMAD3	-0.06452803
AP3M1	-1.6254408
BMP1	-0.47008452
DPY30	-1.7410464
C11orf68	-1.0937666
SREBF1	-2.1152728
LARP4B	-1.1721283
PKD1	-2.3607323
PITX1	0.7612149
PRRC2A	-1.8467251
INPPL1	-1.0783141
WDR59	-0.55250317
TTC37	-1.6392207
CARD11	0.39800528
BORCS7	-1.3941995
SEH1L	-0.8526199
HPS4	-1.4045957
SEPT10	-1.2964146
COMMD3	-1.5437615
POLR3E	-1.0088724
PQLC3	-1.3703632
CTSF	-0.5148815
SEMA3B	-2.3550367
DCTN4	-1.5956649
IKBKB	-1.6414869
MRPL52	-2.258576
BCL2	-0.8357733
KDM3B	-2.375604
RMDN3	-0.6661692
TRIM69	-0.69408876
CUL4A	-1.3769693
SPINT1	-8.964199
HSD17B10	-1.5605664
EXOC5	-1.0473486
FEZ2	-1.82508
NRIP1	-0.77051413
SLC45A3	-0.5603588
SLC33A1	-1.321451
MEAF6	-0.88275295
ARHGAP29	-1.2373904
COA3	-0.15011904
TAF3	-0.6898661
RRAGA	-0.9838218
DHRS9	1.0015357
EPB41	-1.5265983
ALAD	0.0012518833
ADNP	-1.4644407
ATG101	-1.7766477
BCL10	-1.0582483
ST3GAL2	-2.4301462
ZCCHC8	-2.0852213
ALG2	-0.8500915
COMMD9	-1.4555509
BLVRB	-0.75547326
FBXL20	-2.0929127
MNT	-1.1033862
STRN3	-0.68077075
GGPS1	0.03632913
RPAP2	-1.8939487
GSK3B	-0.70477057
WAC-AS1	-2.7005088
ARHGEF26-AS1	-1.447192
REST	-0.75076675
SEMA3C	-1.3528537
DHX30	-1.4482996
CAMKK2	-1.3124938
MBNL2	-1.5639306
STIM1	-1.487099
EEF2K	-0.45191574
SEMA4A	-0.59936416
NSD2	-0.2871697
EP400	-0.56313807
PLXND1	-1.5003722
TIGD5	-2.2368631
KCTD3	-0.68079114
HOMER1	-0.5889195
ACSL5	-0.6571108
TNFAIP1	-0.7530236
DEDD2	-1.4505894
RNF44	-2.6173077
FAT1	-0.21842143
ECHDC1	-0.74992067
XPR1	-0.92763954
SIDT2	-1.6025126
WBP1	-1.6565815
UBE2D1	-1.5738665
DRAM1	-0.38636667
LAMA2	-0.21972142
YLPM1	-1.0221481
FGR	-0.63863164
SPART	-1.0507258
TBC1D23	-0.3568453
MED6	-1.9099163
NFYB	-0.8847081
CHRAC1	-1.051232
SLIT3	0.21300414
IGF2BP2	-0.27592832
LAMB3	0.81207925
IFI27L2	-2.3077579
RARS	-0.29997975
GSR	-0.7749221
KCTD10	-0.8936074
RSAD2	0.09220601
PRKAA1	-1.2529883
C2CD3	-2.0918398
SIK3	-0.78451437
ADNP2	-0.91285086
MYC	-0.5037925
ASCC2	-1.5957927
METTL8	-2.315324
SLC16A1-AS1	-2.3213634
SRGAP2	-1.7792662
LIMK2	-0.44866356
CBX1	-1.1958492
CERCAM	-1.6125554
PSMD5	0.15834723
DDX52	-1.2015873
KCNK3	1.014165
CARD8	-2.140878
CENPX	-0.7619963
TNFRSF10B	-0.7041564
CNRIP1	-0.57699764
XPO7	-1.1773036
ECI1	-1.2354144
TRAPPC4	-6.039883
GMFB	-1.34761
LLGL2	-0.9817326
ZNF829	-1.5106609
FAM208A	-0.7525546
LOXL2	-0.19882698
KCTD18	-1.2967142
SLC25A28	-0.6548775
NSRP1	-0.6516348
SOS1	-1.1813898
ZBED1	-1.3479089
SYS1	-1.3148861
MICU2	-1.0245506
SECISBP2L	-1.0961772
RAB4A	-0.9647046
ARSG	-2.4608037
SLC40A1	0.55308086
SNN	-1.6884738
TLNRD1	-1.0424567
CASP8	-1.0560787
MARF1	-1.1092287
ALDH3B1	-1.572027
RRM2B	-0.18734126
PRKAG1	-0.95977366
APPBP2	-1.2589506
AHCTF1	-0.32677114
CD109	-0.17587423
TNFRSF12A	-0.35278946
SP140L	-2.1056552
TNKS1BP1	-0.76530254
GBA2	-0.763738
NUP214	-0.8476389
UBAP2	-0.43136236
EXT1	-1.4451334
RASGRP3	-0.18001223
PGAM5	-1.3334174
C5orf56	-0.2533424
CFAP20	-1.1046365
ANKRD13A	-1.2525756
BSCL2	-1.2015996
SNRNP27	-1.1018251
METTL23	-0.10266175
SNHG15	-1.2926959
ACSS1	-1.8759615
HNMT	-1.2938437
LSM1	-1.1667496
RNF125	-1.8044682
LNPK	-1.4226675
CERK	-0.82281953
SPRR1B	3.2136495
TMEM131	-1.7924737
ZBTB10	-0.45485872
DIP2C	-0.26171792
CEACAM1	-0.9918051
HCG18	-0.91656864
PRPF19	-1.6982307
PANK2	-0.70784634
DGKH	-1.4674352
DGCR2	-1.3315148
GPX8	-3.0356274
SUMF1	-8.251983
SH3GL1	-1.6538038
PQLC1	-1.3116438
PROCR	-1.1947299
SMURF2	-1.8688447
SLC39A8	-0.40322393
AKR1C2	-9.672443
MTRNR2L6	-1.5975063
CRYAB	0.3033614
PIK3R5	-1.1658261
TTC39B	-1.0132809
YAP1	-0.58435994
RC3H1	-1.0804187
SYMPK	-1.9351015
AQP9	-8.825173
PHF10	-0.90291786
RB1	-1.480661
LIMK1	-2.3466575
ACTR10	-1.5375271
NEK7	-1.5714372
TRIM14	-0.6526554
TSPAN8	1.6574837
CCNG2	-1.5418591
PRSS27	-2.7338414
LIFR	-0.43348226
CEP89	-2.2558427
ABHD17B	-0.13664661
PDHA1	-1.1057062
ARRDC2	-0.29202327
MLPH	-0.66425574
TNIP2	-1.4515593
TNPO2	-1.8545542
ANKRD9	-0.37849784
DENND4C	-1.5510373
ESCO2	-1.835019
TRADD	-1.1896133
KIAA0100	-1.5595634
ITGB1BP1	-1.1988143
EPS8	-0.95201045
EPSTI1	-0.32008615
EIF2A	-1.522918
KLF11	-0.57132316
TSEN34	-1.2192608
WWP1	-0.608243
LINC00665	-1.272538
GABPB2	-1.4690311
LPCAT3	-1.1344527
CD86	-0.5407842
DLD	-0.87225676
CFAP97	-0.13868405
CSRP1	-1.369588
FZD3	-1.5225736
OAS1	-0.29444522
MRFAP1L1	-0.64358807
SLC38A7	-0.8022449
NME4	-1.446441
NR1D2	-0.9141839
TLE4	-0.7046311
STK38L	-1.462271
ZSWIM6	-1.3315886
RMND5A	-1.2091806
CDK6	-0.47921675
UTP11	-1.4041964
PLEKHA3	-1.1732936
SMIM15	-0.6891246
HOXB2	-0.24028255
ZBTB16	-1.0348752
ZC3H14	-1.498163
TECPR1	-1.3690509
FARP2	-0.8495928
TADA3	-1.5223498
TBX3	-0.039097082
DOCK4	-1.7774129
SMAD5	-2.0383093
COX7A1	-0.6107225
CEP250	-1.4948548
PHLDB2	0.42888317
EBLN3P	-1.140297
SMARCD1	-1.6866955
RUNX2	-0.9558422
TRAM2	-1.0301882
SLC30A1	-0.80968106
AVPI1	-0.578379
ZPR1	-1.0075235
TCF3	-0.7546161
PSMD14	-1.2723622
TCAF1	-0.9009566
METTL2B	-8.35424
TERF2	-1.0878404
CCNK	-1.0875933
IRF6	0.40674797
ELL	-1.2061707
KLHL36	-0.97027785
MCTP2	-0.65273815
UBP1	-1.6423016
TFDP2	-2.1485436
ACTG2	1.2504729
ARHGAP9	-1.1329479
TSPAN7	-0.6195983
HTT	-1.5302706
LYRM2	-1.7665462
ATG5	-0.80404437
MTAP	-1.9358244
AFG3L2	-1.4892138
UFL1	-0.61205924
DET1	-2.3705068
CCDC30	-3.8795717
PWWP2A	-0.29907036
DLGAP4	-1.5330464
RBFOX2	-9.168578
MPV17	-1.018386
KIAA1147	-0.9523379
ITPA	-1.6229028
STAP1	-0.6976035
CCSER2	-1.0840302
LIN7C	-0.56011546
LAX1	-0.6202242
NAA38	-1.0752064
TBCD	-1.293771
MTMR3	-1.2141535
RAPH1	-0.39995816
NKAPD1	-1.1623787
CHST15	-1.050088
DNAJC19	-0.61985624
VTA1	-0.2346201
ATG13	-1.0970447
TRAF7	-1.4333147
CCDC18-AS1	-0.7680622
SCO2	-0.22121008
PDHB	-1.7040277
CRKL	-1.7807596
TSR1	-1.4386204
POU2AF1	-8.946255
ARL4D	0.62277263
ZNF664	-1.0651698
ZNF395	-1.6511807
RABEP1	-0.40813664
IRAK3	-0.83611655
NENF	-3.0311153
FMNL3	-0.6044858
ZRANB1	-1.4105618
NELFCD	-0.88028
TMEM41A	-1.8927168
RCAN3	-0.7297289
LDB2	-1.0475566
CCDC71L	-0.844727
BTBD7	-0.9600925
TOM1	-1.4454362
CARS	-1.0659506
E2F4	-1.1284318
PXDC1	-0.75433695
HSPB11	-0.6133071
CSF1R	-0.032941993
NMD3	-1.0562575
VPS4A	-1.6850207
NT5DC2	-0.39204773
CPPED1	-0.69917166
ZDHHC17	-0.73390865
SSNA1	-1.1610155
DCBLD2	0.086462095
MAEA	-1.0143158
AP1S3	-1.7294632
ZNF83	-0.74590814
OTUD7B	-1.3860456
TJP1	-1.3505987
COL14A1	0.32865927
PPFIBP1	-0.374013
ATCAY	-8.570519
DLG5	-0.20563534
ZNF703	-0.60581505
KLF5	-9.045261
METTL26	-1.2975826
YARS	-2.2812335
TRABD	-1.4563494
PDLIM7	-1.1987908
HIKESHI	-1.4551868
GLRX5	-1.3205981
TP53	-1.6870481
GTF2H3	-1.8960316
PGLS	-2.2042398
SIPA1	-1.5473572
CD38	-1.0041347
DNAJA2	-0.93054396
ZNF264	-1.4459946
KDM5B	-1.3889397
SLC30A7	-1.7245537
LACTB	-2.1944823
AAMP	-0.698064
CSF2RA	-1.4065852
HERC1	-1.2275583
AQR	-1.8656157
C9orf3	-0.7566867
TMX2	-1.545237
KLHL21	-0.9972935
AP3B1	-0.8445605
FAM214A	-0.60510886
PPM1F	-1.6705639
BABAM2	-1.3138136
DENND5A	-1.0675254
RAB4B	-2.6121535
ACAA2	-1.2293181
MPPE1	-0.8680381
SLC35C2	-1.1253945
TCTN1	-5.3591948
TXLNA	-2.725228
STRADA	-3.07527
HPRT1	-1.3298513
TARS2	-1.8834686
NME3	-1.2140766
FAM98C	-3.09167
ZBTB8OS	-3.1736019
DCP2	-1.2700919
CPQ	-1.0549967
MLF1	-0.6158447
MMP3	2.9901073
KANK1	-1.723806
MRPL24	-1.3626012
ZNF770	-0.7507367
METTL16	-1.2911974
RNF4	-1.5109047
TBXAS1	-1.3351569
PIGK	-0.8449757
METTL17	-0.5228887
FRG1	-1.0403191
RND1	0.5647592
TM4SF4	2.8903568
KMT5B	-1.257799
MRPS36	-2.7454722
FLVCR1	-1.3389294
EIF4E2	-1.8888966
GOT1	-0.79863656
TREM2	0.0024945275
MED24	-0.76351464
NIP7	-0.47533092
IKBKG	-0.84621817
TMEM173	-1.8207357
RREB1	-1.3039149
TUBA4A	-0.99977934
PRPF6	-0.9073101
RBM22	-0.6936799
LRRC8C	-0.4015463
FBXW11	-1.3787326
MAP3K7	-0.69693357
FAM136A	-1.1180038
PTPRA	-2.0052218
RGS3	-0.61047596
ATMIN	-1.5577527
PACS1	-1.4551383
ADSL	-1.3657305
MON1B	-1.9553721
SGPP1	-0.7341569
SLC39A14	-0.31277812
JADE1	-0.7023185
SUCLG2	-1.0572122
EMSY	-1.8026835
CDC27	-0.8399833
EZH1	-1.0827327
EIF2AK3	-1.2047348
GALNT11	-0.74716526
MARK4	-1.229184
TOMM70	-0.71421325
MRPL55	-1.59943
WEE1	-0.50363874
PCGF3	-0.8693673
PTS	-1.6760442
ZCCHC24	-0.69184726
CRLS1	-1.4932767
PNKD	-1.1780534
EVA1B	-1.1507374
PTPN6	-1.485527
NFYC	-1.1664342
ZNF652	-0.5431116
PYGB	-0.94115204
CCRL2	-0.4779158
HS6ST1	-1.4790497
NFKBIE	-1.7787504
GGCX	-1.5181644
PLEKHM1	-2.343062
CCDC92	-1.49025
HAP1	-1.8398116
PMPCB	-1.8973095
DOCK6	-3.6608982
UBE3C	-1.6817459
NEXN	-0.1623176
GGT5	-0.79178625
BCAS4	-2.8741777
ZFAND4	-1.5856816
CUL5	-1.2923359
PLXDC1	-0.31922048
POGLUT1	-0.6398022
EIF2B5	-1.0184417
KMT2B	-1.5723343
PIN4	-0.16757536
SELENON	-1.1643828
GNG12	-0.88686866
SLC25A25	-1.1572391
EGFR	-0.6722135
RNF185	-0.6823851
ITGAE	-0.8059846
MKKS	-1.4635442
XCL2	0.5249824
SIRT2	-2.747926
CDKN2A	1.1393591
GAA	-1.5502261
RBM15B	-1.1066906
SNHG3	-1.2728559
MADD	-0.56410253
FOLR2	1.5216806
PFKM	-2.1570222
AGPAT5	-0.8136637
PGRMC2	-2.2394645
SERPINE2	0.04132135
ZBTB21	-1.1606151
FAXDC2	-0.6425468
PAAF1	-2.7220385
NGDN	-0.54769385
SRRT	-1.0810888
PIK3CD	-0.7073606
NPDC1	-1.6190962
COPRS	-0.7744439
PHAX	-2.45494
UBE2Z	-1.3997306
FNDC1	1.1449091
PI4KB	-0.8140055
CASP2	-0.7249457
H3F3C	-2.338194
RANBP9	-1.405694
LAMTOR4	-1.1729866
EBF1	-0.35871783
BTAF1	-1.086845
RYK	-1.1834338
RTL8A	-1.6632307
SIPA1L2	-0.3676641
SEC23IP	-0.7535118
ZNF609	-1.7054065
NBN	-1.3830019
DHFR	-0.34041944
MEX3C	-1.6876918
POLR2M	-0.5933449
NUTM2B-AS1	-1.6479148
GFOD1	-0.6124165
TMPRSS2	-0.64573693
FLRT2	-1.4505094
LSM14B	-0.8533665
TRANK1	0.11586922
ZMAT5	-1.5295569
KLHL18	-2.471227
LUC7L2	-1.2847873
IL17RA	-1.9561025
RPS6KA1	-1.437714
YRDC	-1.0639873
KDM7A	-0.5650416
PPP1R9B	-0.6395946
ZNF644	-0.35092232
SYNJ2	-0.98793954
RFFL	-0.70035875
PHF12	-1.0857365
WASHC1	-1.077393
NIPSNAP3A	-0.12203969
PPP3CB	-1.460218
FBXO21	-1.1005615
CNOT9	-0.7487491
GTF2A1	-1.3253676
CLPP	-1.6858544
MAGOH	-1.1129725
ABHD18	-2.0228624
ARMC9	-1.5683858
C8orf33	-0.9443234
MLLT1	-1.2499895
CCNYL1	-1.0674152
STARD3NL	-1.168289
TSTA3	-1.4444788
MGAT2	-1.251164
MTIF3	-1.01939
TMEM19	-1.2318355
ARL6IP4	-3.3136296
RANGAP1	-0.93609005
BRWD1	-1.1127366
TP53BP1	-0.62851465
CCND1	0.56698304
TRIM27	-1.2985917
LRRC8A	-1.411086
TRAFD1	-0.33187282
TBX2	-7.633057
PLEKHO2	-1.6925877
DNM1	-1.6045872
BCCIP	-0.8884626
EGLN3	-0.2219149
AGTRAP	-1.4754817
COPG1	-7.1766176
EFNB1	-0.5788901
DSTYK	-0.92836136
DNAJC9	-0.61406565
DCAF5	-1.0609361
EFHC1	-1.2267239
ATXN7L3B	-1.4506838
PDIA5	-0.41480926
AURKAIP1	-1.8856419
GULP1	-0.8756688
UBN2	-1.0515195
NELFB	-1.4250917
COL4A3BP	-1.2490658
PCNA	-1.0565611
ITGA11	0.38416713
MAP3K14	-8.195935
PRAF2	-0.8403108
SCYL2	-1.630164
THAP9-AS1	-0.7897176
INAVA	-1.1660236
BMS1	-1.7636579
CSNK2A2	-1.6099449
SETD7	-0.68830705
OAF	-8.438225
GOLGA5	-0.3947672
ROBO1	-1.3090243
ASXL1	-0.8481142
PIGA	-0.25693643
NELFA	-1.0193249
TMC6	-1.4070215
NSUN4	-1.447575
DENND5B	-1.8372476
NFIL3	-0.6380266
ARF5	-1.5531182
PYURF	-2.170877
DDHD1	-1.5677025
MAPK14	-1.0059345
MIEF1	-0.79748535
GTF2H1	-1.8452249
UVRAG	-0.31900123
SART3	-0.27437624
TWISTNB	-1.061952
ZC3H6	-0.75234514
TCF7L2	-0.41467154
HSPA4L	-2.637366
NLN	-1.3108628
LIMCH1	-0.0021443716
PRPS1	-1.6156588
SLC30A5	-1.4089183
ARHGAP35	-0.4537239
PWP1	-1.389476
DUSP14	-0.5610396
AFDN	-1.3749335
KLHL15	-0.5261006
GPM6B	0.19217822
CHID1	-1.3581359
FCRL5	-0.85867447
ABCD3	-0.75800914
NDUFS3	-1.8609605
