cell	bio_celltype
10X04_1_AAACATTGATTCTC-1	Neurons,Cycling
10X04_1_AAACCGTGGGAGGT-1	Vascular
10X04_1_AACACGTGGCAAGG-1	Astrocyte
10X04_1_AACAGAGACATGAC-1	Neurons,Cycling
10X04_1_AACGCAACCTTATC-1	Oligos
10X04_1_AACGGTTGGAGCTT-1	Oligos
10X04_1_AAGCAAGAGTCAAC-1	Oligos
10X04_1_AAGGTGCTGTAGCT-1	Vascular
10X04_1_AATGCGTGTGGAGG-1	Astrocyte
10X04_1_AATGGCTGTAGTCG-1	Neurons,Cycling
10X04_1_AATGTAACATTGGC-1	Immune
10X04_1_AATGTCCTCATGCA-1	Vascular
10X04_1_AATTGATGGTGCTA-1	Astrocyte
10X04_1_AATTGTGAAAGGCG-1	Vascular
10X04_1_ACAAATTGGTCATG-1	Oligos
10X04_1_ACACGATGAGAACA-1	Oligos
10X04_1_ACCCAGCTTGCTTT-1	Astrocyte
10X04_1_ACCTCCGATCACGA-1	Astrocyte
10X04_1_ACGAGGGACTAGAC-1	Oligos
10X04_1_ACGATCGAACGTAC-1	Oligos
10X04_1_ACGGAACTTACTTC-1	Neurons
10X04_1_ACGTGCCTTATGGC-1	Neurons
10X04_1_ACGTTGGACTTAGG-1	Astrocyte
10X04_1_ACTCCCGATCTCCG-1	Oligos
10X04_1_ACTGAGACTTCGTT-1	Neurons,Cycling
10X04_1_ACTGCCACGGGACA-1	Astrocyte
10X04_1_ACTTAGCTTGGAGG-1	Vascular
10X04_1_ACTTCCCTAGTGCT-1	Astrocyte
10X04_1_ACTTGGGACTATTC-1	Neurons
10X04_1_AGACACACTCTTCA-1	Oligos
10X04_1_AGACCTGAGAGCAG-1	Oligos
10X04_1_AGAGCGGAAGTACC-1	Astrocyte
10X04_1_AGAGCTACTGACCA-1	Vascular
10X04_1_AGAGTCACCATTTC-1	Astrocyte
10X04_1_AGAGTCTGGGAGCA-1	Oligos
10X04_1_AGAGTGCTCTGACA-1	Oligos
10X04_1_AGATATACCAGAGG-1	Blood
10X04_1_AGATTAACAAGGTA-1	Astrocyte,Oligos
10X04_1_AGATTCCTGGTAGG-1	Vascular
10X04_1_AGCATGACGGAACG-1	Immune
10X04_1_AGCCAATGGCTTAG-1	Vascular
10X04_1_AGCCTCTGGGTGTT-1	Oligos
10X04_1_AGCGAACTCGCCTT-1	Astrocyte
10X04_1_AGCGAACTTGGAGG-1	Immune
10X04_1_AGCGGCACCAGTTG-1	Vascular
10X04_1_AGCGGGCTAGTTCG-1	Oligos
10X04_1_AGCTGTGAGCGTAT-1	Astrocyte
10X04_1_AGGAATGAAACCTG-1	Neurons
10X04_1_AGGAATGACCTGTC-1	Vascular
10X04_1_AGGATAGAAAGAGT-1	Immune
10X04_1_AGGATAGATTCTAC-1	Immune
10X04_1_AGGATGCTGTCGAT-1	Oligos
10X04_1_AGGCAACTATCGAC-1	Astrocyte
10X04_1_AGGCCTCTCGCATA-1	Immune
10X04_1_AGGGCCTGTTCTAC-1	Neurons,Cycling
10X04_1_AGGTGGGATCCCGT-1	Astrocyte,Oligos
10X04_1_AGTAATACTGGCAT-1	Immune
10X04_1_AGTACGTGAGCAAA-1	Oligos
10X04_1_AGTACGTGGAGAGC-1	Oligos
10X04_1_AGTCACGAGAACCT-1	Astrocyte
10X04_1_AGTCTTACGAACCT-1	Immune
10X04_1_AGTGCAACATCGAC-1	Immune
10X04_1_ATAAACACGCTTCC-1	Immune
10X04_1_ATAACCCTATCGGT-1	Astrocyte
10X04_1_ATAAGTACCGGTAT-1	Neurons,Oligos
10X04_1_ATACCACTTACTGG-1	Astrocyte
10X04_1_ATACGGACTTGGCA-1	Astrocyte
10X04_1_ATACGTCTTCCTAT-1	Oligos
10X04_1_ATACGTCTTGGTCA-1	Astrocyte
10X04_1_ATAGGAGACGCATA-1	Immune
10X04_1_ATAGGCTGTGTAGC-1	Astrocyte
10X04_1_ATATACGATCGCAA-1	Neurons,Cycling
10X04_1_ATCACGGATCCTTA-1	Vascular
10X04_1_ATCATGCTCTTGCC-1	Neurons
10X04_1_ATCATGCTGCTTCC-1	Immune
10X04_1_ATCGACGATTATCC-1	Astrocyte
10X04_1_ATCGAGTGCGGGAA-1	Neurons,Cycling
10X04_1_ATCGGAACTCCAAG-1	Immune
10X04_1_ATCTGACTAACTGC-1	Immune
10X04_1_ATGCACGATCGCTC-1	Astrocyte
10X04_1_ATGCAGACGAACCT-1	Astrocyte
10X04_1_ATGCGATGGCCTTC-1	Oligos
10X04_1_ATGGGTACAAGAAC-1	Neurons
10X04_1_ATGGTGACTGGTCA-1	Immune
10X04_1_ATGTAAACGCCATA-1	Oligos
10X04_1_ATTACCACGGACGA-1	Astrocyte,Neurons
10X04_1_ATTAGATGCTTGAG-1	Immune
10X04_1_ATTGCACTGAATGA-1	Astrocyte,Oligos
10X04_1_CAAATATGTGCCCT-1	Vascular
10X04_1_CAACGTGACGAGAG-1	Vascular
10X04_1_CAAGCTGATTACCT-1	Oligos
10X04_1_CAATAATGACGACT-1	Neurons,Cycling
10X04_1_CAATAATGGACGTT-1	Oligos
10X04_1_CAATGGACCAACCA-1	Astrocyte,Oligos
10X04_1_CACCCATGGCTTAG-1	Blood
10X04_1_CACCGTACGTTGGT-1	Oligos
10X04_1_CACCGTTGAGAAGT-1	Astrocyte
10X04_1_CACGATGACTTATC-1	Oligos
10X04_1_CACGGGACCTAAGC-1	Astrocyte
10X04_1_CAGACCCTATGCCA-1	Immune
10X04_1_CAGCCTTGAGCACT-1	Astrocyte
10X04_1_CAGCGGACCGTCTC-1	Astrocyte
10X04_1_CAGGTTGAGGTACT-1	Oligos
10X04_1_CAGTCAGATGGTTG-1	Oligos
10X04_1_CAGTGTGAAGAGTA-1	Vascular
10X04_1_CAGTGTGAGGTACT-1	Oligos
10X04_1_CAGTTTACCCTATT-1	Astrocyte,Oligos
10X04_1_CAGTTTACCCTGTC-1	Astrocyte
10X04_1_CATACTACACGACT-1	Neurons,Cycling
10X04_1_CATACTACCAATCG-1	Immune
10X04_1_CATAGTCTCTTGTT-1	Immune
10X04_1_CATAGTCTGAGACG-1	Vascular
10X04_1_CATCTCCTGTACAC-1	Astrocyte
10X04_1_CATGAGACATGTGC-1	Oligos
10X04_1_CATTACACGCCATA-1	Oligos
10X04_1_CCAACCTGGTACAC-1	Neurons,Cycling
10X04_1_CCAAGAACAGTAGA-1	Neurons
10X04_1_CCAAGAACCTCGCT-1	Astrocyte
10X04_1_CCAAGATGAAGAGT-1	Astrocyte
10X04_1_CCACGGGAATCGGT-1	Astrocyte,Neurons
10X04_1_CCAGAAACGGGATG-1	Oligos
10X04_1_CCAGATGACACTCC-1	Blood
10X04_1_CCCAGTTGGGAAAT-1	Immune
10X04_1_CCCGGAGACTGCTC-1	Neurons
10X04_1_CCGAAAACAGGTTC-1	Immune
10X04_1_CCGACTACACGTTG-1	Astrocyte
10X04_1_CCGGAGTGGTTACG-1	Oligos
10X04_1_CCTTCACTACGGAG-1	Oligos
10X04_1_CGAAGGGAGGGTGA-1	Vascular
10X04_1_CGACAAACCGAACT-1	Astrocyte
10X04_1_CGACCACTAAGTAG-1	Immune
10X04_1_CGACCTACCTCTAT-1	Neurons,Oligos
10X04_1_CGACCTACTGCCCT-1	Astrocyte,Oligos
10X04_1_CGACCTTGATCGAC-1	Oligos
10X04_1_CGACTGCTCTCATT-1	Oligos
10X04_1_CGAGCGTGCCTATT-1	Vascular
10X04_1_CGAGGAGATCTCGC-1	Oligos
10X04_1_CGAGTATGCAGGAG-1	Astrocyte
10X04_1_CGCCTAACCACTAG-1	Vascular
10X04_1_CGCTAAGAAAGCCT-1	Oligos
10X04_1_CGGGACTGCAGTCA-1	Immune
10X04_1_CGGGCATGCTAGCA-1	Neurons
10X04_1_CGTGATGACGGGAA-1	Vascular
10X04_1_CGTGCACTCTCTCG-1	Immune
10X04_1_CGTTTAACGTTTGG-1	Oligos
10X04_1_CTAAACCTAACCGT-1	Oligos
10X04_1_CTACAACTATTTCC-1	Vascular
10X04_1_CTATCATGGTATCG-1	Oligos
10X04_1_CTATGACTTTAGGC-1	Oligos
10X04_1_CTATGTACCCAATG-1	Vascular
10X04_1_CTATTGTGATTCCT-1	Astrocyte
10X04_1_CTCAGAGACTTATC-1	Immune
10X04_1_CTCAGCACATCGAC-1	Oligos
10X04_1_CTCGAGCTGCGAGA-1	Neurons
10X04_1_CTGAATCTAGATCC-1	Neurons,Cycling
10X04_1_CTGATGGATCACGA-1	Vascular
10X04_1_CTGCCAACTTCATC-1	Neurons,Oligos
10X04_1_CTGGATGACATTCT-1	Oligos
10X04_1_CTGTGAGAGAAAGT-1	Vascular
10X04_1_GAAACCTGCATGAC-1	Neurons,Oligos
10X04_1_GAAAGATGAAGGTA-1	Astrocyte
10X04_1_GACAACACTCCGTC-1	Oligos
10X04_1_GACCATGAATTCGG-1	Astrocyte
10X04_1_GACGATTGGGTGGA-1	Vascular
10X04_1_GACGTCCTCTTCGC-1	Vascular
10X04_1_GACGTCCTGTGTAC-1	Astrocyte
10X04_1_GAGATCACCCACCT-1	Astrocyte
10X04_1_GAGATCACGGTGGA-1	Vascular
10X04_1_GATATTGACCTATT-1	Oligos
10X04_1_GATCCCTGCACTTT-1	Immune
10X04_1_GATCGATGTGACAC-1	Neurons
10X04_1_GATCGATGTTCCCG-1	Immune
10X04_1_GATCGTGAATTCGG-1	Oligos
10X04_1_GATCTTACCTTGCC-1	Astrocyte
10X04_1_GATGACACTCGATG-1	Oligos
10X04_1_GATTTAGAGTGAGG-1	Astrocyte,Oligos
10X04_1_GATTTGCTAAGGCG-1	Neurons
10X04_1_GCACGGTGCAGATC-1	Oligos
10X04_1_GCAGATACCAAGCT-1	Astrocyte,Neurons
10X04_1_GCAGCCGACGAGAG-1	Vascular
10X04_1_GCAGCGTGCAATCG-1	Vascular
10X04_1_GCCATCACGGGATG-1	Immune
10X04_1_GCCGGAACACTAGC-1	Neurons
10X04_1_GCCTCATGCCTCGT-1	Neurons,Oligos
10X04_1_GCGAGAGACACTGA-1	Astrocyte
10X04_1_GCTACAGACCCTCA-1	Oligos
10X04_1_GCTAGAACCGACTA-1	Vascular
10X04_1_GCTCAAGACGGGAA-1	Astrocyte
10X04_1_GCTCAAGAGGTACT-1	Astrocyte
10X04_1_GCTCAGCTGTAGGG-1	Immune
10X04_1_GCTTGAGACGAACT-1	Immune
10X04_1_GGAATGCTCTCATT-1	Immune
10X04_1_GGAGACGACGAACT-1	Oligos
10X04_1_GGAGACGACGCATA-1	Vascular
10X04_1_GGCCACGAGTGTCA-1	Oligos
10X04_1_GGCGACTGTACTTC-1	Astrocyte
10X04_1_GGCTCACTATTCCT-1	Astrocyte
10X04_1_GGGACCACAACCGT-1	Oligos
10X04_1_GGGCCATGCCCGTT-1	Vascular
10X04_1_GGTCAAACTGGATC-1	Oligos
10X04_1_GGTTGAACAAAGCA-1	Immune
10X04_1_GTAAGCTGTGCAGT-1	Astrocyte,Neurons
10X04_1_GTAATAACCTGTTT-1	Astrocyte
10X04_1_GTAATATGCAGAAA-1	Vascular
10X04_1_GTACAGTGGCCTTC-1	Astrocyte,Neurons
10X04_1_GTAGCTGAAGGTCT-1	Oligos
10X04_1_GTATGGTGATGACC-1	Astrocyte,Oligos
10X04_1_GTATTAGATTCCGC-1	Vascular
10X04_1_GTCACCTGAACGAA-1	Astrocyte,Neurons
10X04_1_GTCTAGGAAGCGGA-1	Neurons,Cycling
10X04_1_GTGATCGAAGAAGT-1	Neurons
10X04_1_GTGATGACGGTACT-1	Oligos
10X04_1_GTGCTAGAACTACG-1	Immune
10X04_1_GTGCTAGAATCGTG-1	Astrocyte
10X04_1_GTGTGATGCGAGTT-1	Vascular
10X04_1_GTGTGATGGGAGGT-1	Neurons
10X04_1_GTTAGTCTCAGTCA-1	Immune
10X04_1_GTTATAGATAAGGA-1	Neurons
10X04_1_GTTGACGACCCAAA-1	Neurons
10X04_1_TAACACCTTGACAC-1	Neurons
10X04_1_TAACATGAACCAAC-1	Vascular
10X04_1_TAACTAGAACGTAC-1	Astrocyte
10X04_1_TAACTAGATTCAGG-1	Neurons
10X04_1_TAAGCTCTAATCGC-1	Astrocyte
10X04_1_TAAGTCCTATGCCA-1	Vascular
10X04_1_TAAGTCCTTCGCAA-1	Immune
10X04_1_TACCATTGATGCCA-1	Vascular
10X04_1_TACCGGCTACGTAC-1	Oligos
10X04_1_TACGGCCTTTCGCC-1	Neurons
10X04_1_TACGTACTTGCAGT-1	Neurons
10X04_1_TACTACACATTGGC-1	Oligos
10X04_1_TACTACTGTGTTTC-1	Immune
10X04_1_TACTCTGACACTTT-1	Neurons
10X04_1_TAGCATCTCTAAGC-1	Oligos
10X04_1_TAGCGATGTTCTGT-1	Neurons
10X04_1_TAGTAATGTGCGTA-1	Vascular
10X04_1_TAGTCTTGCATGCA-1	Vascular
10X04_1_TAGTCTTGCATTTC-1	Astrocyte
10X04_1_TATACAGATAACCG-1	Astrocyte
10X04_1_TATCTCGATAGTCG-1	Oligos
10X04_1_TATCTGACACTGTG-1	Astrocyte
10X04_1_TATCTGACCCATGA-1	Astrocyte
10X04_1_TATGTCTGGGAACG-1	Vascular
10X04_1_TCAAGGACCTCCAC-1	Oligos
10X04_1_TCACAACTCATTGG-1	Immune
10X04_1_TCACATACTGCTCC-1	Immune
10X04_1_TCAGAGACAACCGT-1	Oligos
10X04_1_TCAGTACTTATGCG-1	Astrocyte,Neurons
10X04_1_TCATCCCTTGGATC-1	Astrocyte
10X04_1_TCCACGTGTCTAGG-1	Immune
10X04_1_TCCATAACCTCTAT-1	Neurons,Cycling
10X04_1_TCCCATCTTCTCAT-1	Neurons,Cycling
10X04_1_TCCCGAACCTCGCT-1	Immune
10X04_1_TCCGAGCTACACAC-1	Immune
10X04_1_TCCTAATGCCTTAT-1	Astrocyte
10X04_1_TCGATTTGCTTGGA-1	Astrocyte
10X04_1_TCTAGACTGCCAAT-1	Oligos
10X04_1_TGAACCGAAGGTCT-1	Vascular
10X04_1_TGACCGCTGAATAG-1	Astrocyte,Oligos
10X04_1_TGACGCCTGCGATT-1	Neurons
10X04_1_TGATTCTGTTTGCT-1	Astrocyte
10X04_1_TGCCACTGCATTTC-1	Immune
10X04_1_TGCTAGGAGTCTTT-1	Vascular
10X04_1_TGGAAGCTTTCTTG-1	Vascular
10X04_1_TGGAGGGAAGTGTC-1	Vascular
10X04_1_TGGTAGTGCACACA-1	Oligos
10X04_1_TGTAACCTCTCAAG-1	Oligos
10X04_1_TGTATCTGGGTGTT-1	Vascular
10X04_1_TGTATGCTGTTGGT-1	Oligos
10X04_1_TGTCAGGATCGTAG-1	Astrocyte
10X04_1_TGTGACGAACAGTC-1	Oligos
10X04_1_TGTTAAGAATTCTC-1	Astrocyte
10X04_1_TGTTACACCGCCTT-1	Vascular
10X04_1_TTAGAATGAAGAGT-1	Immune
10X04_1_TTCAGTACCGTAGT-1	Neurons,Cycling
10X04_1_TTCCAAACTCGATG-1	Neurons
10X04_1_TTCCCACTGCTATG-1	Vascular
10X04_1_TTCTCAGAGGTTTG-1	Oligos
10X04_1_TTGAATGAGTTAGC-1	Oligos
10X04_1_TTGCTATGCAGATC-1	Astrocyte,Oligos
10X04_1_TTTAGAGATTATCC-1	Oligos
10X04_1_TTTCACGATGGAAA-1	Neurons
10X04_1_TTTCAGTGACTGTG-1	Neurons
10X04_1_TTTCGAACAGATCC-1	Vascular
10X04_2_AAACATACCTACGA-1	Neurons
10X04_2_AAACATTGTTCTTG-1	Immune
10X04_2_AAAGCCTGAAGTAG-1	Astrocyte
10X04_2_AAATCTGATCTCTA-1	Oligos
10X04_2_AAATGTTGAGAATG-1	Neurons
10X04_2_AACAGAGAACCTAG-1	Vascular
10X04_2_AACATATGGGGAGT-1	Astrocyte
10X04_2_AACCACGAACTCAG-1	Astrocyte
10X04_2_AACCCAGACTAAGC-1	Neurons,Oligos
10X04_2_AACCTTTGCAGCTA-1	Astrocyte
10X04_2_AACGCCCTGCTACA-1	Oligos
10X04_2_AACGTCGAGGCAAG-1	Astrocyte
10X04_2_AACGTGTGTCAGAC-1	Astrocyte
10X04_2_AACGTTCTCCATGA-1	Immune
10X04_2_AACGTTCTTTGAGC-1	Oligos
10X04_2_AACTTGCTAGGGTG-1	Astrocyte
10X04_2_AAGATTACGACGGA-1	Immune
10X04_2_AAGCCAACCACTTT-1	Oligos
10X04_2_AAGCCAACCTAAGC-1	Neurons
10X04_2_AAGCGTACATGTCG-1	Astrocyte
10X04_2_AAGGTCTGGCAGTT-1	Vascular
10X04_2_AAGGTGCTCCAACA-1	Astrocyte
10X04_2_AAGTCCGAGTCGAT-1	Neurons,Cycling
10X04_2_AAGTGGCTGTCCTC-1	Vascular
10X04_2_AATCCGGAGGTTAC-1	Astrocyte
10X04_2_AATCTCTGTAAGGA-1	Oligos
10X04_2_AATTGTGAACTCTT-1	Neurons,Cycling
10X04_2_ACAACCGATGCTGA-1	Vascular
10X04_2_ACAATCCTCCATGA-1	Astrocyte
10X04_2_ACAATTGATCCTAT-1	Neurons,Cycling
10X04_2_ACACGTGAACTAGC-1	Blood
10X04_2_ACAGTCGACCTTGC-1	Oligos
10X04_2_ACAGTCGATAGCCA-1	Astrocyte
10X04_2_ACAGTGACGCAGAG-1	Oligos
10X04_2_ACAGTGACGCATCA-1	Immune
10X04_2_ACATGGTGCAGGAG-1	Astrocyte
10X04_2_ACCAACGAAGGCGA-1	Neurons
10X04_2_ACCCACTGATAAGG-1	Oligos
10X04_2_ACCCAGCTACACGT-1	Astrocyte
10X04_2_ACCCGTACGCTAAC-1	Immune
10X04_2_ACCGTGCTTTACTC-1	Astrocyte,Oligos
10X04_2_ACCTCGTGGTGTTG-1	Astrocyte,Oligos
10X04_2_ACGAGGGAGTTGCA-1	Vascular
10X04_2_ACGATGACACACGT-1	Immune
10X04_2_ACGCAATGCCTTGC-1	Neurons,Cycling
10X04_2_ACGCCACTGTCTGA-1	Vascular
10X04_2_ACGCGGTGAGCACT-1	Neurons
10X04_2_ACGTAGACGGATCT-1	Neurons
10X04_2_ACGTCGCTGGTAAA-1	Oligos
10X04_2_ACGTTACTTTGTGG-1	Immune
10X04_2_ACGTTTACACACGT-1	Blood
10X04_2_ACTACTACACGTTG-1	Neurons,Cycling
10X04_2_ACTCCCGACATGAC-1	Immune
10X04_2_ACTCCCGATGTCTT-1	Astrocyte
10X04_2_ACTCGCACAACCTG-1	Astrocyte
10X04_2_ACTCTATGGGATCT-1	Vascular
10X04_2_ACTGAGACTGCATG-1	Astrocyte
10X04_2_ACTGGCCTAATCGC-1	Astrocyte,Neurons
10X04_2_AGAATTTGCTAGCA-1	Astrocyte
10X04_2_AGACACACAAGCCT-1	Neurons,Cycling
10X04_2_AGAGGTCTTCCGTC-1	Astrocyte
10X04_2_AGATCGTGTGGAAA-1	Astrocyte
10X04_2_AGCAAGCTGGCAAG-1	Vascular
10X04_2_AGCACAACAGCATC-1	Astrocyte
10X04_2_AGCCTCACCAGGAG-1	Immune
10X04_2_AGCGGCACGGTGAG-1	Vascular
10X04_2_AGCTGAACACACAC-1	Oligos
10X04_2_AGCTGAACACACGT-1	Immune
10X04_2_AGCTGTGAGCGAGA-1	Astrocyte
10X04_2_AGCTTTACAGGCGA-1	Astrocyte
10X04_2_AGGCAACTTTCGCC-1	Vascular
10X04_2_AGGCAGGATACTGG-1	Oligos
10X04_2_AGGCAGGATCCAGA-1	Vascular
10X04_2_AGGCTAACATTCGG-1	Neurons
10X04_2_AGGCTAACTCACCC-1	Neurons,Cycling
10X04_2_AGGGTTTGAGGTCT-1	Blood
10X04_2_AGGTCTGACGGTAT-1	Oligos
10X04_2_AGGTGGGACAGCTA-1	Immune
10X04_2_AGGTGGGATGAGCT-1	Oligos
10X04_2_AGGTTCGACATGCA-1	Blood
10X04_2_AGGTTCGACGCAAT-1	Astrocyte
10X04_2_AGTACGTGTCAAGC-1	Oligos
10X04_2_AGTCAGACGCTACA-1	Oligos
10X04_2_AGTCCAGAACTCTT-1	Neurons,Oligos
10X04_2_AGTCCAGAGCAGTT-1	Oligos
10X04_2_AGTCCAGATGGTCA-1	Astrocyte
10X04_2_AGTGCAACCTTGAG-1	Oligos
10X04_2_AGTTAAACAGCTCA-1	Neurons
10X04_2_ATAAACACCGAGTT-1	Astrocyte
10X04_2_ATAACCCTCGAATC-1	Blood
10X04_2_ATAGATTGCTCTAT-1	Astrocyte
10X04_2_ATATGAACAAAGTG-1	Oligos
10X04_2_ATCAACCTATCAGC-1	Oligos
10X04_2_ATCAACCTTGTCCC-1	Blood
10X04_2_ATCACTTGACCTCC-1	Neurons,Cycling
10X04_2_ATCCTAACTCCGTC-1	Neurons
10X04_2_ATCGCCTGCATACG-1	Oligos
10X04_2_ATCGGAACGCTATG-1	Vascular
10X04_2_ATCTGACTATAAGG-1	Neurons,Cycling
10X04_2_ATCTGGGAACGTAC-1	Neurons
10X04_2_ATGAAACTTAAGGA-1	Oligos
10X04_2_ATGCACGAATAAGG-1	Immune
10X04_2_ATGCGATGCTACGA-1	Vascular
10X04_2_ATGTACCTACGGAG-1	Neurons
10X04_2_ATGTACCTCCCACT-1	Oligos
10X04_2_ATGTACCTGGTAGG-1	Oligos
10X04_2_ATTCTGACCATACG-1	Neurons,Cycling
10X04_2_ATTGAAACCTGAGT-1	Astrocyte
10X04_2_ATTGCACTATCACG-1	Neurons
10X04_2_ATTGCACTGACTAC-1	Vascular
10X04_2_ATTGTCTGATCGGT-1	Oligos
10X04_2_ATTTGCACGCCTTC-1	Astrocyte
10X04_2_CAAAGCTGGGACAG-1	Neurons
10X04_2_CAACGAACCGCTAA-1	Vascular
10X04_2_CAACGTGAACCTTT-1	Blood
10X04_2_CAACTTTGGGGCAA-1	Oligos
10X04_2_CAAGTTCTGAACCT-1	Astrocyte
10X04_2_CAATAATGTTACTC-1	Astrocyte
10X04_2_CACAGCCTAGTCTG-1	Oligos
10X04_2_CACCGTTGTGTCTT-1	Astrocyte
10X04_2_CACGGGACCTTGGA-1	Astrocyte
10X04_2_CACGGGTGCATACG-1	Immune
10X04_2_CACTGAGATCAGTG-1	Astrocyte,Neurons
10X04_2_CAGACCCTCACTTT-1	Immune
10X04_2_CAGATGACGTATCG-1	Astrocyte
10X04_2_CAGCACCTCATTGG-1	Astrocyte
10X04_2_CAGCACCTGAGGTG-1	Astrocyte
10X04_2_CAGCCTACTTGAGC-1	Astrocyte
10X04_2_CAGCTCACTGGGAG-1	Neurons,Cycling
10X04_2_CAGGAACTGAAGGC-1	Immune
10X04_2_CAGGAACTGATGAA-1	Neurons,Cycling
10X04_2_CAGGTAACCTACCC-1	Astrocyte
10X04_2_CATAAATGGATGAA-1	Astrocyte
10X04_2_CATAACCTGGTGAG-1	Astrocyte
10X04_2_CATAGTCTCCGAAT-1	Neurons
10X04_2_CATCATACAGGTCT-1	Vascular
10X04_2_CATCTCCTAGATGA-1	Immune
10X04_2_CATGCCACGAATCC-1	Oligos
10X04_2_CCACCTGAGACAAA-1	Astrocyte
10X04_2_CCACGGGATGATGC-1	Neurons
10X04_2_CCAGACCTAAGGGC-1	Astrocyte,Neurons
10X04_2_CCAGCGGACCGATA-1	Oligos
10X04_2_CCATAGGAGGAGGT-1	Oligos
10X04_2_CCATCGTGAAACAG-1	Astrocyte
10X04_2_CCATCGTGCGATAC-1	Neurons
10X04_2_CCCAACTGGGAGCA-1	Oligos
10X04_2_CCCTACGATGGCAT-1	Neurons
10X04_2_CCGATAGACGTAGT-1	Vascular
10X04_2_CCGCGAGACATGAC-1	Oligos
10X04_2_CCGCTATGCAACCA-1	Astrocyte
10X04_2_CCGCTATGGGTTAC-1	Oligos
10X04_2_CCGTAAGAAAGAAC-1	Astrocyte
10X04_2_CCTAGAGAATCTTC-1	Immune
10X04_2_CCTGACTGGAATGA-1	Oligos
10X04_2_CGAGCGTGCGCAAT-1	Oligos
10X04_2_CGAGGGCTTCCAGA-1	Neurons,Cycling
10X04_2_CGCACTTGTACTCT-1	Oligos
10X04_2_CGCAGGTGAACAGA-1	Oligos
10X04_2_CGCCATTGTTGACG-1	Vascular
10X04_2_CGGACCGATCCTAT-1	Neurons,Cycling
10X04_2_CGGACTCTCACTCC-1	Oligos
10X04_2_CGGGACTGCTTATC-1	Oligos
10X04_2_CGGTACCTTCAAGC-1	Vascular
10X04_2_CGTACAGATGTAGC-1	Oligos
10X04_2_CGTTAGGATCTTCA-1	Astrocyte
10X04_2_CGTTATACTGTTTC-1	Neurons
10X04_2_CTAAACCTTGCATG-1	Immune
10X04_2_CTAACACTATCTTC-1	Immune
10X04_2_CTAACGGAGGACGA-1	Immune
10X04_2_CTAAGGACGTACAC-1	Oligos
10X04_2_CTAAGGACTACAGC-1	Oligos
10X04_2_CTATCAACTGTGAC-1	Neurons
10X04_2_CTATGTACCGTTAG-1	Vascular
10X04_2_CTCGAAGAGAATAG-1	Neurons
10X04_2_CTGACCACGTGCAT-1	Astrocyte
10X04_2_CTGGATGACGGTAT-1	Astrocyte
10X04_2_CTGGCACTGGATCT-1	Astrocyte
10X04_2_CTGGCACTTACGAC-1	Astrocyte
10X04_2_CTTACTGAGACAGG-1	Immune
10X04_2_CTTTCAGAAGTTCG-1	Oligos
10X04_2_GAAACAGAGAATAG-1	Astrocyte
10X04_2_GAAAGTGATCGCTC-1	Oligos
10X04_2_GAACTGTGAAGAGT-1	Vascular
10X04_2_GAAGCGGAGAATCC-1	Immune
10X04_2_GAAGGGTGAAAAGC-1	Astrocyte
10X04_2_GAAGGGTGCTACGA-1	Vascular
10X04_2_GAATGCTGGAAACA-1	Blood
10X04_2_GACAACACTCCGAA-1	Astrocyte
10X04_2_GACAGTTGATTCCT-1	Oligos
10X04_2_GACCTAGAACGCTA-1	Immune
10X04_2_GACGAGGAGGTTAC-1	Oligos
10X04_2_GACGTAACCGCAAT-1	Vascular
10X04_2_GACTACGAGTAGGG-1	Astrocyte
10X04_2_GACTGTGAAGAATG-1	Astrocyte,Neurons
10X04_2_GACTGTGACACTAG-1	Vascular
10X04_2_GAGATAGATAGACC-1	Astrocyte
10X04_2_GAGATGCTTCACGA-1	Astrocyte,Oligos
10X04_2_GAGCAACTAGCCTA-1	Astrocyte,Neurons
10X04_2_GAGCGGCTCAGTTG-1	Oligos
10X04_2_GAGCGGCTCCGATA-1	Neurons
10X04_2_GAGCTCCTGTGAGG-1	Blood
10X04_2_GAGCTCCTTCCTAT-1	Neurons
10X04_2_GAGGATCTTGTCTT-1	Astrocyte
10X04_2_GAGGATCTTGTTTC-1	Oligos
10X04_2_GAGGCCACGACTAC-1	Oligos
10X04_2_GAGGGTGAAGATCC-1	Vascular
10X04_2_GAGGTACTATTCGG-1	Oligos
10X04_2_GAGGTTACATAAGG-1	Astrocyte
10X04_2_GATAAGGAGCTTAG-1	Immune
10X04_2_GATACTCTGGATTC-1	Immune
10X04_2_GATATATGGACAGG-1	Oligos
10X04_2_GATCGTGATCAGGT-1	Astrocyte,Oligos
10X04_2_GATCTACTCTATTC-1	Oligos
10X04_2_GATCTTTGAATCGC-1	Neurons
10X04_2_GATGCATGCCGATA-1	Immune
10X04_2_GATTGGACTTTGCT-1	Neurons,Cycling
10X04_2_GATTGGTGAGCATC-1	Neurons,Oligos
10X04_2_GATTGGTGGGAGGT-1	Astrocyte
10X04_2_GCAAACTGGACACT-1	Astrocyte
10X04_2_GCAATTCTCATACG-1	Immune
10X04_2_GCACAATGAGCCTA-1	Neurons,Oligos
10X04_2_GCACCACTTTTACC-1	Oligos
10X04_2_GCACGGACGGACAG-1	Immune
10X04_2_GCAGGCACCGCTAA-1	Immune
10X04_2_GCATTGGACAAAGA-1	Immune
10X04_2_GCGAGAGACGATAC-1	Immune
10X04_2_GCGGCAACGCCTTC-1	Neurons
10X04_2_GCGGGACTGTCACA-1	Vascular
10X04_2_GCTACGCTAAGAGT-1	Vascular
10X04_2_GCTAGATGGGCATT-1	Oligos
10X04_2_GCTTGAGAGTCAAC-1	Vascular
10X04_2_GGAACACTTTATCC-1	Immune
10X04_2_GGAATCTGTTCAGG-1	Neurons
10X04_2_GGACCCGAGGTACT-1	Neurons
10X04_2_GGACTATGGCTTCC-1	Astrocyte
10X04_2_GGAGACGACGGTAT-1	Oligos
10X04_2_GGAGCGCTCGCCTT-1	Oligos
10X04_2_GGAGGATGTCGTAG-1	Astrocyte
10X04_2_GGATAGCTCTAGTG-1	Vascular
10X04_2_GGCAAGGAAAACAG-1	Immune
10X04_2_GGCATATGGTCTTT-1	Vascular
10X04_2_GGCCAGACGCGGAA-1	Vascular
10X04_2_GGCCCAGAAATCGC-1	Vascular
10X04_2_GGCCCAGACATCAG-1	Immune
10X04_2_GGCTAAACTTTCGT-1	Vascular
10X04_2_GGGCAAGAGGAGCA-1	Oligos
10X04_2_GGGCACACGTTGAC-1	Oligos
10X04_2_GGGTTAACGTTAGC-1	Astrocyte
10X04_2_GGTATCGACTCTCG-1	Neurons,Oligos
10X04_2_GGTATGACAAACGA-1	Oligos
10X04_2_GGTTTACTCCAAGT-1	Immune
10X04_2_GTAACGTGTACTTC-1	Vascular
10X04_2_GTACGTGACGTCTC-1	Oligos
10X04_2_GTAGGTACGCTTCC-1	Astrocyte
10X04_2_GTAGTCGAGTGTTG-1	Vascular
10X04_2_GTAGTGTGATCTTC-1	Vascular
10X04_2_GTATTCACCTCAGA-1	Vascular
10X04_2_GTCAACGACTCGAA-1	Neurons
10X04_2_GTCCACTGCCATAG-1	Neurons
10X04_2_GTCCACTGTTAGGC-1	Astrocyte
10X04_2_GTCGAATGTCCTCG-1	Neurons
10X04_2_GTCTGAGACACTTT-1	Oligos
10X04_2_GTGAGGGATCCCGT-1	Neurons
10X04_2_GTGGATTGAGCCAT-1	Astrocyte
10X04_2_GTGTATCTCGAACT-1	Neurons
10X04_2_GTGTGATGTTCATC-1	Astrocyte,Neurons
10X04_2_GTTACGGATCTGGA-1	Vascular
10X04_2_GTTACTACCCATAG-1	Astrocyte,Oligos
10X04_2_GTTAGGTGCTTCGC-1	Vascular
10X04_2_GTTATGCTAGCGGA-1	Neurons
10X04_2_GTTGTACTCCAATG-1	Immune
10X04_2_TAAAGTTGATCTCT-1	Neurons
10X04_2_TAACAATGTGGCAT-1	Vascular
10X04_2_TAACATGACCGCTT-1	Neurons,Cycling
10X04_2_TAACATGAGAGGCA-1	Oligos
10X04_2_TAACTAGATCTATC-1	Oligos
10X04_2_TAAGATACTCCGAA-1	Immune
10X04_2_TAATCGCTCCCAAA-1	Astrocyte
10X04_2_TAATGTGAGATAGA-1	Oligos
10X04_2_TACAAATGCGTAAC-1	Astrocyte,Oligos
10X04_2_TACAAATGTGTAGC-1	Vascular
10X04_2_TACATCACCAGAAA-1	Oligos
10X04_2_TACCATTGCCAATG-1	Neurons
10X04_2_TACCGAGATTCACT-1	Astrocyte
10X04_2_TACCGCTGTCGATG-1	Astrocyte,Neurons
10X04_2_TACTCAACACACAC-1	Astrocyte
10X04_2_TACTCAACCTTCTA-1	Blood
10X04_2_TAGAATTGAGGAGC-1	Immune
10X04_2_TAGAATTGTCTAGG-1	Blood
10X04_2_TAGGACTGTTCTGT-1	Astrocyte
10X04_2_TAGTAATGGCGATT-1	Neurons
10X04_2_TAGTTAGAACCGAT-1	Astrocyte
10X04_2_TAGTTAGAGTAAGA-1	Neurons,Oligos
10X04_2_TATAAGACCCCTTG-1	Immune
10X04_2_TATAGCCTAAGCCT-1	Astrocyte
10X04_2_TATGGGACTCCAGA-1	Oligos
10X04_2_TATGGGTGTTCATC-1	Immune
10X04_2_TCAATAGATGAGAA-1	Astrocyte
10X04_2_TCAGACGACCTTAT-1	Astrocyte
10X04_2_TCAGCAGAATCGAC-1	Vascular
10X04_2_TCAGTACTATCTTC-1	Oligos
10X04_2_TCATTCGACGTTGA-1	Immune
10X04_2_TCCCAGACCTTCGC-1	Astrocyte
10X04_2_TCCCAGACGCATAC-1	Neurons,Oligos
10X04_2_TCCTAAACAGTGCT-1	Neurons
10X04_2_TCCTACCTTAACCG-1	Astrocyte
10X04_2_TCCTACCTTGGTAC-1	Immune
10X04_2_TCGCACACAGAGAT-1	Astrocyte
10X04_2_TCTAACTGACCAAC-1	Neurons
10X04_2_TCTTGATGGAGGTG-1	Astrocyte
10X04_2_TGAATAACAGGAGC-1	Vascular
10X04_2_TGACGCCTGCAAGG-1	Astrocyte
10X04_2_TGACTGGAGTGCAT-1	Vascular
10X04_2_TGATTCACCGTAAC-1	Neurons
10X04_2_TGCAATCTATAAGG-1	Oligos
10X04_2_TGCCAAGACTTGAG-1	Immune
10X04_2_TGCCCAACCGTAGT-1	Immune
10X04_2_TGCCCAACGACGTT-1	Immune
10X04_2_TGCCCAACTCCCAC-1	Vascular
10X04_2_TGCCGACTACGACT-1	Astrocyte
10X04_2_TGCGCACTGTATGC-1	Immune
10X04_2_TGGAAAGAACGTGT-1	Oligos
10X04_2_TGGACCCTGCTGTA-1	Immune
10X04_2_TGGACTGATTCAGG-1	Vascular
10X04_2_TGTAACCTTACAGC-1	Neurons
10X04_2_TGTAATGATGCATG-1	Astrocyte
10X04_2_TGTAGTCTGGCATT-1	Vascular
10X04_2_TGTAGTCTGGGAGT-1	Immune
10X04_2_TGTATCTGTGTTTC-1	Immune
10X04_2_TGTGATCTACGTGT-1	Neurons,Cycling
10X04_2_TTACACACTAGCGT-1	Immune
10X04_2_TTACCATGCCCTAC-1	Astrocyte
10X04_2_TTAGAATGTCTCCG-1	Neurons
10X04_2_TTAGGTCTTTTGTC-1	Immune
10X04_2_TTAGTCACGCTGTA-1	Vascular
10X04_2_TTATCCGACTTATC-1	Astrocyte
10X04_2_TTATGAGAAAGATG-1	Astrocyte,Neurons
10X04_2_TTCAAGCTTAGCGT-1	Vascular
10X04_2_TTCACCCTGCTCCT-1	Astrocyte
10X04_2_TTCAGACTTATCGG-1	Oligos
10X04_2_TTCATCGAGATAGA-1	Vascular
10X04_2_TTCATCGATAGACC-1	Astrocyte
10X04_2_TTCATGACTGTTCT-1	Vascular
10X04_2_TTCGATTGGAGCAG-1	Neurons
10X04_2_TTCGTATGTTGGTG-1	Neurons
10X04_2_TTCTACGAAGTCGT-1	Neurons,Cycling
10X04_2_TTGACACTTGTTCT-1	Vascular
10X04_2_TTGATCTGGCTTAG-1	Blood
10X04_2_TTGGGAACTATGGC-1	Vascular
10X04_2_TTGTAGCTTTTCGT-1	Neurons,Cycling
10X04_2_TTTCGAACGTGCAT-1	Immune
10X07_1_AAATACTGGGATCT-1	Neurons
10X07_1_AACCGCCTAAAGTG-1	Astrocyte
10X07_1_AATAACACTCAAGC-1	Neurons
10X07_1_AATCAAACTTACTC-1	Neurons
10X07_1_ACAATCCTGTCATG-1	Neurons
10X07_1_ACACGTGACCATGA-1	Neurons
10X07_1_ACAGTCGATCCTTA-1	Neurons
10X07_1_ACCCGTTGGTTCAG-1	Neurons
10X07_1_ACCTCCGAGACAAA-1	Neurons
10X07_1_ACCTGGCTCTCATT-1	Neurons
10X07_1_ACGTCGCTTCTGGA-1	Neurons,Oligos
10X07_1_AGAACAGACTGAGT-1	Neurons
10X07_1_AGAAGATGTCCGAA-1	Neurons
10X07_1_AGCACTGAACAGCT-1	Neurons,Oligos
10X07_1_AGTCCAGAACACCA-1	Neurons
10X07_1_ATGACGTGCCATAG-1	Neurons
10X07_1_CAGCACCTCTTAGG-1	Neurons
10X07_1_CAGGTATGCTGAAC-1	Neurons
10X07_1_CATCATACGCATCA-1	Neurons,Oligos
10X07_1_CCAAGTGACTTGCC-1	Neurons
10X07_1_CCAGACCTAACGTC-1	Neurons
10X07_1_CCATCCGAGGCGAA-1	Neurons
10X07_1_CCGAAAACGATACC-1	Neurons
10X07_1_CCGCTATGTAAGGA-1	Neurons
10X07_1_CCGTAAGATGGATC-1	Neurons
10X07_1_CCTATTGATGCCTC-1	Neurons
10X07_1_CGAGGAGAGACTAC-1	Neurons
10X07_1_CGCACTACCATACG-1	Neurons
10X07_1_CGCTAAGATGCTGA-1	Neurons
10X07_1_CTAAACCTAGTAGA-1	Neurons
10X07_1_CTGAATCTATTGGC-1	Neurons
10X07_1_CTTAAAGACTGGAT-1	Neurons
10X07_1_GAAACAGATGATGC-1	Neurons,Oligos
10X07_1_GAACAGCTTTACTC-1	Neurons
10X07_1_GAGTCTGACCTCAC-1	Neurons
10X07_1_GATAAGGATGTTCT-1	Neurons,Oligos
10X07_1_GATAGAGATTTCTG-1	Neurons
10X07_1_GATATAACTGCTCC-1	Astrocyte
10X07_1_GATGCATGGGAGTG-1	Neurons
10X07_1_GATGCCCTAAGCCT-1	Neurons
10X07_1_GATTCTTGACGCTA-1	Oligos
10X07_1_GATTCTTGCTTATC-1	Neurons
10X07_1_GATTTAGACATTCT-1	Neurons
10X07_1_GATTTGCTCTACTT-1	Oligos
10X07_1_GCAGCGTGCATGCA-1	Neurons
10X07_1_GCAGTTGATTCGTT-1	Neurons
10X07_1_GCCATCACTCCAAG-1	Neurons
10X07_1_GCGTAAACAAGGGC-1	Neurons,Oligos
10X07_1_GGCGGACTCTCGAA-1	Neurons
10X07_1_GGGAAGTGCCCTAC-1	Neurons
10X07_1_GTAAGCTGTGCGTA-1	Immune
10X07_1_GTACAGTGTTTGTC-1	Neurons
10X07_1_GTATGGTGATCTCT-1	Vascular
10X07_1_TAACGTCTTGACAC-1	Neurons
10X07_1_TAACTAGACGCATA-1	Neurons
10X07_1_TAAGTAACGCAAGG-1	Neurons
10X07_1_TAGTAATGGTGCTA-1	Neurons
10X07_1_TATGTCACGATAAG-1	Neurons
10X07_1_TATTTCCTTTGGTG-1	Neurons
10X07_1_TCAGTGGACTCATT-1	Vascular
10X07_1_TCTATGTGCGCCTT-1	Neurons
10X07_1_TGGATGACCGGGAA-1	Neurons
10X07_1_TGGATTCTGAATCC-1	Neurons
10X07_1_TGTTACTGCGTGTA-1	Neurons
10X07_1_TTATTCCTAGACTC-1	Neurons
10X07_1_TTCACCCTTTTACC-1	Neurons
10X22_3_AAACATTGCTACCC-1	Immune
10X22_3_AAATCATGGTATCG-1	Immune
10X22_3_AAATCATGGTCGTA-1	Neurons,Cycling
10X22_3_AAATCCCTGTCATG-1	Immune
10X22_3_AACAGCACGGTTAC-1	Neurons,Cycling
10X22_3_AACCAGTGTGTAGC-1	Oligos
10X22_3_AACCTTACGAATCC-1	Neurons,Cycling
10X22_3_AACGCAACTCACCC-1	Vascular
10X22_3_AACGCCCTCGACAT-1	Astrocyte
10X22_3_AACGGTACCATTGG-1	Immune
10X22_3_AACGGTACCGAACT-1	Astrocyte,Neurons
10X22_3_AACTCGGACGTGAT-1	Oligos
10X22_3_AACTGTCTGTTTGG-1	Immune
10X22_3_AACTTGCTTATGCG-1	Oligos
10X22_3_AAGAAGACATCTCT-1	Astrocyte
10X22_3_AAGAGATGTTAGGC-1	Immune
10X22_3_AAGCAAGAGTTACG-1	Astrocyte
10X22_3_AAGCAAGATTTGCT-1	Vascular
10X22_3_AAGCACTGCTGCTC-1	Astrocyte
10X22_3_AAGCGTACCTACTT-1	Astrocyte,Neurons
10X22_3_AAGCGTACGAGATA-1	Vascular
10X22_3_AAGGCTACCCGTAA-1	Blood
10X22_3_AAGGCTTGTGTAGC-1	Oligos
10X22_3_AAGTAACTGATAGA-1	Oligos
10X22_3_AAGTATACGTCCTC-1	Oligos
10X22_3_AAGTCCGACGGTAT-1	Immune
10X22_3_AAGTCCGATTGTCT-1	Immune
10X22_3_AAGTGCACTCAAGC-1	Blood
10X22_3_AAGTGGCTGCGAAG-1	Blood
10X22_3_AATAAGCTAACGTC-1	Immune
10X22_3_AATCTAGACTCAAG-1	Astrocyte
10X22_3_AATGATACCGTTAG-1	Immune
10X22_3_AATGTAACCAAAGA-1	Neurons,Cycling
10X22_3_AATGTTGAAACAGA-1	Oligos
10X22_3_AATTGTGAAGCACT-1	Immune
10X22_3_AATTGTGACTTCGC-1	Neurons
10X22_3_ACAAAGGATTTGCT-1	Astrocyte,Neurons
10X22_3_ACAACCGACAGAGG-1	Neurons
10X22_3_ACAATAACCGTACA-1	Neurons
10X22_3_ACAATTGAGTGTAC-1	Neurons
10X22_3_ACACATCTAAACGA-1	Immune
10X22_3_ACACCCTGTGAGCT-1	Immune
10X22_3_ACAGTGACATCGTG-1	Immune
10X22_3_ACATACCTCCAGTA-1	Astrocyte
10X22_3_ACATGGTGTTTGCT-1	Immune
10X22_3_ACATTCTGTTCCGC-1	Immune
10X22_3_ACCAACGATGGGAG-1	Astrocyte
10X22_3_ACCACAGAGCAGAG-1	Blood
10X22_3_ACCCGTTGAATCGC-1	Oligos
10X22_3_ACCCGTTGTGCCCT-1	Immune
10X22_3_ACCCGTTGTTCCGC-1	Vascular
10X22_3_ACCCTCGACCGAAT-1	Oligos
10X22_3_ACCCTCGATTTGGG-1	Neurons,Oligos
10X22_3_ACCGAAACAGAATG-1	Neurons,Cycling
10X22_3_ACCGTGCTGGGAGT-1	Astrocyte
10X22_3_ACCTCCGACTCTCG-1	Vascular
10X22_3_ACCTTTGATGGGAG-1	Astrocyte
10X22_3_ACGAACTGTCCAGA-1	Astrocyte
10X22_3_ACGACAACAAACGA-1	Neurons
10X22_3_ACGACAACGTCATG-1	Neurons,Cycling
10X22_3_ACGAGGGAACGCTA-1	Vascular
10X22_3_ACGATCGAGTGAGG-1	Astrocyte
10X22_3_ACGATGACCTCCCA-1	Astrocyte
10X22_3_ACGATGACTAGCGT-1	Vascular
10X22_3_ACGATTCTACCAAC-1	Immune
10X22_3_ACGCTGCTCTGTGA-1	Immune
10X22_3_ACGGAACTAAACAG-1	Immune
10X22_3_ACGGAGGAAAGATG-1	Vascular
10X22_3_ACGGCGTGACACAC-1	Astrocyte
10X22_3_ACGGCTCTGTCAAC-1	Oligos
10X22_3_ACGGTAACGGTACT-1	Neurons
10X22_3_ACGTAGACCTCAAG-1	Oligos
10X22_3_ACGTAGACTTCACT-1	Vascular
10X22_3_ACGTCCTGCTGACA-1	Vascular
10X22_3_ACTACTACTAGTCG-1	Astrocyte,Oligos
10X22_3_ACTCCCGAATCGGT-1	Immune
10X22_3_ACTGAGACAGGCGA-1	Astrocyte,Neurons
10X22_3_ACTGAGACGGACTT-1	Astrocyte
10X22_3_ACTGTGGAGTTGAC-1	Immune
10X22_3_ACTGTTACCCTTCG-1	Oligos
10X22_3_ACTTAGCTTTTCGT-1	Astrocyte
10X22_3_ACTTCCCTGCAGTT-1	Oligos
10X22_3_ACTTGACTTCTAGG-1	Vascular
10X22_3_ACTTGACTTCTATC-1	Oligos
10X22_3_ACTTGGGATTGTGG-1	Immune
10X22_3_ACTTGTACCATTCT-1	Immune
10X22_3_ACTTTGTGGAGGGT-1	Immune
10X22_3_AGAAAGTGTGTCTT-1	Oligos
10X22_3_AGAATACTAGTCAC-1	Astrocyte,Neurons
10X22_3_AGACTGACACGTTG-1	Neurons
10X22_3_AGAGATGAACACAC-1	Oligos
10X22_3_AGAGATGACTCGAA-1	Vascular
10X22_3_AGAGCGGAGGTTTG-1	Astrocyte,Neurons
10X22_3_AGAGTGCTTGGATC-1	Astrocyte
10X22_3_AGATTAACGTATCG-1	Astrocyte
10X22_3_AGATTCCTCATTCT-1	Immune
10X22_3_AGCAAAGATATTCC-1	Neurons
10X22_3_AGCACTGAGCGAAG-1	Vascular
10X22_3_AGCCACCTAGCTCA-1	Astrocyte
10X22_3_AGCCACCTAGTTCG-1	Neurons
10X22_3_AGCCGGACCTAGTG-1	Astrocyte
10X22_3_AGCCGGTGCGAATC-1	Astrocyte
10X22_3_AGCCGGTGGGATCT-1	Neurons
10X22_3_AGCCTCACGACACT-1	Vascular
10X22_3_AGCCTCTGTCCGTC-1	Blood
10X22_3_AGCGCCGATGCATG-1	Neurons
10X22_3_AGCGCTCTTCATTC-1	Oligos
10X22_3_AGCGGCACTTCGGA-1	Oligos
10X22_3_AGCTTACTGCTTCC-1	Neurons
10X22_3_AGGACACTAGCACT-1	Immune
10X22_3_AGGACTTGCAACTG-1	Neurons,Cycling
10X22_3_AGGAGTCTACCTTT-1	Vascular
10X22_3_AGGCAACTAAGAGT-1	Astrocyte,Neurons
10X22_3_AGGGAGTGAAGGGC-1	Astrocyte
10X22_3_AGGGAGTGGTAGCT-1	Oligos
10X22_3_AGGGCCTGTGCTAG-1	Astrocyte
10X22_3_AGGGTTTGTTTCAC-1	Neurons
10X22_3_AGGTACTGATCTTC-1	Astrocyte
10X22_3_AGGTGTTGACCAAC-1	Astrocyte
10X22_3_AGGTTCGAATTCCT-1	Astrocyte
10X22_3_AGTAATACTTTGTC-1	Immune
10X22_3_AGTACGTGATTCTC-1	Vascular
10X22_3_AGTACGTGGTTCTT-1	Vascular
10X22_3_AGTAGAGAGAATCC-1	Immune
10X22_3_AGTAGAGATTCCCG-1	Immune
10X22_3_AGTATAACTCGCCT-1	Oligos
10X22_3_AGTATCCTAATGCC-1	Vascular
10X22_3_AGTCGAACCTCCAC-1	Astrocyte,Neurons
10X22_3_AGTGAAGAGTCTTT-1	Oligos
10X22_3_AGTGTGACTGGATC-1	Neurons,Cycling
10X22_3_AGTTAAACTGCCAA-1	Oligos
10X22_3_AGTTCTACAAAAGC-1	Oligos
10X22_3_AGTTTAGAACGGTT-1	Neurons
10X22_3_ATAAGTACAAAGTG-1	Neurons,Cycling
10X22_3_ATAAGTTGACTAGC-1	Vascular
10X22_3_ATACCACTGTGTTG-1	Immune
10X22_3_ATACGTCTGGACAG-1	Neurons
10X22_3_ATAGGAGAGGACAG-1	Immune
10X22_3_ATATACGACTCAAG-1	Neurons
10X22_3_ATCATCTGTGCAGT-1	Immune
10X22_3_ATCCATACCAGAGG-1	Astrocyte
10X22_3_ATCCTAACGTCATG-1	Immune
10X22_3_ATCGCCACTCGCTC-1	Oligos
10X22_3_ATCGCCACTCTCCG-1	Neurons
10X22_3_ATCGCCTGTCTAGG-1	Neurons
10X22_3_ATCGCGCTAAGTAG-1	Neurons
10X22_3_ATCGCGCTCTCGCT-1	Vascular
10X22_3_ATCGGTGACTAAGC-1	Oligos
10X22_3_ATCTACACACTTTC-1	Oligos
10X22_3_ATCTTGACTGACAC-1	Oligos
10X22_3_ATCTTTCTAAGTGA-1	Immune
10X22_3_ATGAAACTAGCCTA-1	Oligos
10X22_3_ATGACGTGGAGGCA-1	Vascular
10X22_3_ATGAGCACTGGTCA-1	Immune
10X22_3_ATGCAGACTCTTAC-1	Astrocyte
10X22_3_ATGCCGCTCATTGG-1	Neurons
10X22_3_ATGCGCCTCGTGTA-1	Neurons,Oligos
10X22_3_ATGCTTTGGCTGTA-1	Astrocyte
10X22_3_ATGGACACGAGGCA-1	Oligos
10X22_3_ATGGACACGATGAA-1	Neurons
10X22_3_ATGTACCTGTTCGA-1	Immune
10X22_3_ATTAAGACCTGGAT-1	Oligos
10X22_3_ATTACCACGGTTCA-1	Vascular
10X22_3_ATTACCTGCTACGA-1	Vascular
10X22_3_ATTACCTGGCGAAG-1	Neurons
10X22_3_ATTGAATGGTGAGG-1	Astrocyte
10X22_3_ATTGCACTCAGGAG-1	Immune
10X22_3_ATTGCACTCGACAT-1	Astrocyte,Neurons
10X22_3_ATTGCTACGGTTAC-1	Vascular
10X22_3_ATTGCTTGTGACAC-1	Neurons
10X22_3_ATTTAGGATTATCC-1	Astrocyte
10X22_3_ATTTGCACCTGCTC-1	Oligos
10X22_3_CAACCAGAAAGTGA-1	Vascular
10X22_3_CAAGACTGGATAAG-1	Oligos
10X22_3_CAAGGACTAATCGC-1	Immune
10X22_3_CAAGGACTTTCCAT-1	Oligos
10X22_3_CACAACGAAACGAA-1	Immune
10X22_3_CACAACGAAGGAGC-1	Vascular
10X22_3_CACAGATGTTGCTT-1	Vascular
10X22_3_CACAGCCTTCATTC-1	Vascular
10X22_3_CACATACTTAACGC-1	Oligos
10X22_3_CACATGGACGAATC-1	Vascular
10X22_3_CACGAAACCTACGA-1	Vascular
10X22_3_CACGATGAGCTGAT-1	Neurons,Oligos
10X22_3_CACGGGACCGTACA-1	Astrocyte,Oligos
10X22_3_CACGGGTGCTCAAG-1	Vascular
10X22_3_CACGGGTGGAAACA-1	Astrocyte
10X22_3_CACTCCGAAGTCAC-1	Astrocyte
10X22_3_CACTTAACTGTCGA-1	Oligos
10X22_3_CACTTATGGAATGA-1	Vascular
10X22_3_CAGACAACTTAGGC-1	Astrocyte
10X22_3_CAGATCGAGACAAA-1	Vascular
10X22_3_CAGATCGATCTGGA-1	Neurons,Cycling
10X22_3_CAGCACCTCCCTCA-1	Neurons
10X22_3_CAGCATGATTCTGT-1	Astrocyte,Oligos
10X22_3_CAGCTAGACTAGTG-1	Neurons,Cycling
10X22_3_CAGGCCGATTTCGT-1	Immune
10X22_3_CAGTCAGAAAGAAC-1	Oligos
10X22_3_CAGTGATGTCCTCG-1	Astrocyte
10X22_3_CAGTGTGAGTAGGG-1	Oligos
10X22_3_CATCAACTGTGCAT-1	Vascular
10X22_3_CATCGCTGATGGTC-1	Astrocyte,Neurons
10X22_3_CATCGCTGCACAAC-1	Vascular
10X22_3_CATCGGCTCGATAC-1	Oligos
10X22_3_CATCGGCTGGTAAA-1	Astrocyte
10X22_3_CATCTTGATTGACG-1	Vascular
10X22_3_CATGAGACTTACCT-1	Immune
10X22_3_CATGTTACAGCCTA-1	Immune
10X22_3_CATGTTACTCCTTA-1	Astrocyte
10X22_3_CATTACACCTACGA-1	Neurons,Oligos
10X22_3_CATTACACTTACCT-1	Astrocyte
10X22_3_CATTGACTCCCGTT-1	Neurons
10X22_3_CATTTCGAGTCAAC-1	Oligos
10X22_3_CATTTGTGGAAAGT-1	Oligos
10X22_3_CCAAAGTGCTGCTC-1	Vascular
10X22_3_CCACCATGCCATGA-1	Astrocyte,Neurons
10X22_3_CCACCTGATCAGAC-1	Immune
10X22_3_CCACGGGATGTCGA-1	Neurons,Cycling
10X22_3_CCAGATGACGAATC-1	Oligos
10X22_3_CCAGTCACTGCTGA-1	Astrocyte
10X22_3_CCCAACACCCTCGT-1	Neurons
10X22_3_CCCTACGAGTGAGG-1	Immune
10X22_3_CCCTACGATAACCG-1	Vascular
10X22_3_CCCTGAACACGTTG-1	Astrocyte,Oligos
10X22_3_CCGACTACGAGGAC-1	Neurons
10X22_3_CCGACTACGGTCAT-1	Astrocyte
10X22_3_CCGGAGACGATGAA-1	Oligos
10X22_3_CCTAAGGAACCTGA-1	Vascular
10X22_3_CCTAAGGAATAAGG-1	Astrocyte
10X22_3_CCTAGAGAGGTATC-1	Astrocyte
10X22_3_CCTATAACAACCGT-1	Immune
10X22_3_CCTATAACCCCGTT-1	Oligos
10X22_3_CCTATTGATCCGTC-1	Immune
10X22_3_CCTCGAACGTAAAG-1	Astrocyte
10X22_3_CCTCTACTTCCCGT-1	Oligos
10X22_3_CGAAGGGACTCCCA-1	Vascular
10X22_3_CGAATCGACATTCT-1	Astrocyte,Neurons
10X22_3_CGAATCGAGGCGAA-1	Oligos
10X22_3_CGACAAACAGGCGA-1	Blood
10X22_3_CGACTCACCATGAC-1	Neurons,Cycling
10X22_3_CGAGAACTTTCTAC-1	Neurons,Cycling
10X22_3_CGAGCCGAGTATCG-1	Astrocyte
10X22_3_CGAGCCGATCCCAC-1	Astrocyte
10X22_3_CGAGGAGAGTGTTG-1	Astrocyte
10X22_3_CGAGTATGAGCATC-1	Immune
10X22_3_CGATCAGATCTGGA-1	Astrocyte,Neurons
10X22_3_CGATCCACCTACGA-1	Astrocyte
10X22_3_CGCAACCTGGTCTA-1	Astrocyte
10X22_3_CGCAGGACACGACT-1	Astrocyte
10X22_3_CGCAGGTGCTCCCA-1	Oligos
10X22_3_CGCCATACGAATCC-1	Oligos
10X22_3_CGCCGAGAGGACAG-1	Immune
10X22_3_CGCTAAGACGGTAT-1	Vascular
10X22_3_CGCTACACTTGGCA-1	Neurons,Oligos
10X22_3_CGGACCGAAACGGG-1	Neurons
10X22_3_CGGACTCTGTATGC-1	Astrocyte,Neurons
10X22_3_CGGCCAGAACTAGC-1	Oligos
10X22_3_CGGCCAGAATCTTC-1	Oligos
10X22_3_CGGGACTGATCGTG-1	Vascular
10X22_3_CGGTAAACCGAGTT-1	Neurons
10X22_3_CGGTCACTGTAAAG-1	Neurons,Cycling
10X22_3_CGTACAGAAGCGGA-1	Neurons,Cycling
10X22_3_CGTCAAGACACTTT-1	Immune
10X22_3_CGTCCAACGTTAGC-1	Oligos
10X22_3_CGTCCATGAGCATC-1	Vascular
10X22_3_CGTCCATGCACTAG-1	Vascular
10X22_3_CGTTTAACCTCTTA-1	Astrocyte
10X22_3_CTAAGGACAGTGCT-1	Oligos
10X22_3_CTACGCACCGACAT-1	Vascular
10X22_3_CTAGAGACCTTAGG-1	Vascular
10X22_3_CTAGAGACTAGAAG-1	Neurons
10X22_3_CTAGGATGGCGGAA-1	Vascular
10X22_3_CTAGTTACTTCTTG-1	Neurons
10X22_3_CTATACTGATGTGC-1	Immune
10X22_3_CTCAGAGAGTAAAG-1	Vascular
10X22_3_CTCAGCACCGTTAG-1	Astrocyte,Neurons
10X22_3_CTCTAATGACGGAG-1	Neurons,Cycling
10X22_3_CTGGATGACACACA-1	Oligos
10X22_3_CTGGCACTTCCAAG-1	Astrocyte,Neurons
10X22_3_CTGTAACTCGCATA-1	Astrocyte,Neurons
10X22_3_CTGTGAGAATGTCG-1	Vascular
10X22_3_CTTAACACTGTAGC-1	Astrocyte
10X22_3_CTTACAACCCAACA-1	Astrocyte
10X22_3_CTTATCGAACCTGA-1	Immune
10X22_3_CTTGAACTATTTCC-1	Vascular
10X22_3_CTTGAACTTAGCGT-1	Astrocyte
10X22_3_CTTTAGACGGTGTT-1	Immune
10X22_3_CTTTAGTGCTGAGT-1	Neurons
10X22_3_GAAAGATGCAAGCT-1	Oligos
10X22_3_GAAAGTGACCGAAT-1	Neurons
10X22_3_GAAAGTGAGCTCCT-1	Astrocyte
10X22_3_GAACAGCTGTTTGG-1	Immune
10X22_3_GAACCTGAGGGATG-1	Vascular
10X22_3_GAACTGTGCTAGCA-1	Immune
10X22_3_GAAGCTACTCGATG-1	Vascular
10X22_3_GAAGTCTGACGCTA-1	Neurons
10X22_3_GAAGTGCTAGCATC-1	Astrocyte,Neurons
10X22_3_GACAACTGCTTTAC-1	Neurons
10X22_3_GACAACTGGGTACT-1	Astrocyte,Neurons
10X22_3_GACAGGGACTTAGG-1	Astrocyte,Oligos
10X22_3_GACGAGGAGTTCAG-1	Astrocyte,Oligos
10X22_3_GACGTAACCTACGA-1	Vascular
10X22_3_GACGTAACCTCTTA-1	Immune
10X22_3_GACGTCCTGTGTAC-1	Vascular
10X22_3_GAGATAGACACTCC-1	Neurons
10X22_3_GAGCAGGATCCTAT-1	Oligos
10X22_3_GAGCATACGCATCA-1	Neurons,Cycling
10X22_3_GAGCGAGAGGAAAT-1	Neurons,Cycling
10X22_3_GAGCGGCTTCTATC-1	Neurons
10X22_3_GAGGCCACCTATTC-1	Neurons
10X22_3_GAGGGATGGCAAGG-1	Astrocyte
10X22_3_GAGGTGGATACGCA-1	Astrocyte,Neurons
10X22_3_GAGGTTTGATTCGG-1	Astrocyte,Neurons
10X22_3_GAGTCTGAGTCCTC-1	Vascular
10X22_3_GAGTGGGACTAGAC-1	Vascular
10X22_3_GAGTGGGAGCTTCC-1	Immune
10X22_3_GATATATGCGTGAT-1	Oligos
10X22_3_GATCCCTGCTCTAT-1	Vascular
10X22_3_GATCGATGCTACGA-1	Immune
10X22_3_GATCGTGAAGCCAT-1	Oligos
10X22_3_GATCTTACGAATAG-1	Oligos
10X22_3_GATCTTTGAGCTCA-1	Neurons,Cycling
10X22_3_GATCTTTGGGAGGT-1	Neurons
10X22_3_GATGCATGTTGCTT-1	Astrocyte
10X22_3_GATGCCCTCTACCC-1	Oligos
10X22_3_GATTCGGATTCTTG-1	Neurons
10X22_3_GATTGGACAAAGTG-1	Immune
10X22_3_GATTGGTGCCCTTG-1	Neurons,Cycling
10X22_3_GATTTGCTAGAGAT-1	Vascular
10X22_3_GCAAGACTAGAGGC-1	Astrocyte
10X22_3_GCAATCGACTTCGC-1	Neurons
10X22_3_GCAATTCTCACTCC-1	Immune
10X22_3_GCACTAGAGCATCA-1	Astrocyte
10X22_3_GCACTAGAGCTAAC-1	Astrocyte
10X22_3_GCACTGCTATGACC-1	Neurons
10X22_3_GCAGGGCTCTCGAA-1	Astrocyte
10X22_3_GCAGGGCTTCGTTT-1	Oligos
10X22_3_GCAGTTGAGCAAGG-1	Vascular
10X22_3_GCATCAGATCTTAC-1	Immune
10X22_3_GCATGTGAAGCTCA-1	Astrocyte
10X22_3_GCCACGGAGGTAAA-1	Vascular
10X22_3_GCCCAGGACTCATT-1	Oligos
10X22_3_GCCCAGGAGCTTCC-1	Neurons
10X22_3_GCCGTACTCTGTCC-1	Vascular
10X22_3_GCCTACACGGAGCA-1	Astrocyte
10X22_3_GCCTCAACCTTCTA-1	Astrocyte,Neurons
10X22_3_GCGAAGGATTTCTG-1	Oligos
10X22_3_GCGAGCACCATACG-1	Oligos
10X22_3_GCGGACTGCATGGT-1	Vascular
10X22_3_GCGGGACTTATCTC-1	Neurons,Cycling
10X22_3_GCGTATGAAGGAGC-1	Astrocyte,Neurons
10X22_3_GCTACAGACCTCAC-1	Astrocyte
10X22_3_GCTACCTGCTTACT-1	Neurons,Oligos
10X22_3_GCTCAGCTACGCTA-1	Vascular
10X22_3_GCTCCATGTAGTCG-1	Neurons
10X22_3_GCTCGACTTGAGGG-1	Astrocyte,Oligos
10X22_3_GCTTGAGACAGTCA-1	Oligos
10X22_3_GGAACACTCAAGCT-1	Vascular
10X22_3_GGAAGGACTGCTTT-1	Oligos
10X22_3_GGAAGGTGCAGAGG-1	Astrocyte
10X22_3_GGAATGCTCATTCT-1	Vascular
10X22_3_GGACAACTATCGAC-1	Immune
10X22_3_GGACAGGACCGCTT-1	Vascular
10X22_3_GGACCCGAACTTTC-1	Astrocyte
10X22_3_GGACCCGAGAGCAG-1	Immune
10X22_3_GGACCGTGATCACG-1	Oligos
10X22_3_GGACCTCTTCTCGC-1	Astrocyte
10X22_3_GGACGCACTGGTCA-1	Immune
10X22_3_GGACTATGACTCTT-1	Astrocyte,Oligos
10X22_3_GGAGACGAAAGTAG-1	Oligos
10X22_3_GGAGCCACAGGGTG-1	Oligos
10X22_3_GGAGCCACGTTAGC-1	Vascular
10X22_3_GGAGGATGCTAGTG-1	Oligos
10X22_3_GGAGGTGACTCTAT-1	Immune
10X22_3_GGAGTTTGCTTAGG-1	Neurons,Cycling
10X22_3_GGAGTTTGTCAGAC-1	Immune
10X22_3_GGATGTTGGTACGT-1	Immune
10X22_3_GGCCCAGATAGCCA-1	Astrocyte
10X22_3_GGCCGATGCGACTA-1	Immune
10X22_3_GGCGACTGAGATGA-1	Vascular
10X22_3_GGCGCATGTCGCCT-1	Blood
10X22_3_GGCTAATGGGAAGC-1	Immune
10X22_3_GGGAAGACAAGTAG-1	Vascular
10X22_3_GGGATTACTTTGTC-1	Immune
10X22_3_GGGCAAGAACCCTC-1	Immune
10X22_3_GGGCAAGAGCAGAG-1	Neurons,Cycling
10X22_3_GGGTAACTTTCGCC-1	Immune
10X22_3_GGTACTGAGTTGTG-1	Vascular
10X22_3_GGTATGACACTACG-1	Immune
10X22_3_GGTATGACCGTGAT-1	Neurons,Oligos
10X22_3_GGTGGAGAAGAACA-1	Oligos
10X22_3_GGTGGAGATGTTCT-1	Astrocyte
10X22_3_GTAACGTGTTTGGG-1	Oligos
10X22_3_GTACAGTGTAGTCG-1	Oligos
10X22_3_GTACGAACCATTTC-1	Neurons
10X22_3_GTACGTGATCGTGA-1	Neurons,Oligos
10X22_3_GTACTACTAATCGC-1	Neurons
10X22_3_GTACTTTGTTCATC-1	Astrocyte
10X22_3_GTAGCAACCAAGCT-1	Vascular
10X22_3_GTCAACGACAACTG-1	Immune
10X22_3_GTCAACGACTTCGC-1	Astrocyte,Neurons
10X22_3_GTCACAGAGTAGCT-1	Immune
10X22_3_GTCGCACTTGTTCT-1	Immune
10X22_3_GTGACAACTCTCGC-1	Oligos
10X22_3_GTGATTCTAATGCC-1	Neurons
10X22_3_GTGATTCTAGTACC-1	Oligos
10X22_3_GTGATTCTGCTATG-1	Vascular
10X22_3_GTGCAAACCTCCAC-1	Astrocyte
10X22_3_GTGGTAACTAACCG-1	Immune
10X22_3_GTTAACCTCTTAGG-1	Neurons
10X22_3_GTTACTACCGAGTT-1	Neurons,Oligos
10X22_3_GTTACTACGTTAGC-1	Vascular
10X22_3_GTTAGGTGACCCTC-1	Astrocyte
10X22_3_GTTATAGACTGATG-1	Astrocyte
10X22_3_GTTATCTGCATGAC-1	Immune
10X22_3_GTTATCTGTCAGTG-1	Immune
10X22_3_GTTCAACTTCTAGG-1	Neurons
10X22_3_GTTGACGATTCAGG-1	Astrocyte
10X22_3_GTTGAGTGCGATAC-1	Astrocyte
10X22_3_GTTGGATGATTCTC-1	Oligos
10X22_3_GTTGGATGGGACAG-1	Astrocyte
10X22_3_GTTGTACTGTTTGG-1	Neurons
10X22_3_TAAACAACAGTACC-1	Vascular
10X22_3_TAAACAACCGTAAC-1	Vascular
10X22_3_TAAAGTTGCTCTAT-1	Vascular
10X22_3_TAAATCGACTAGTG-1	Oligos
10X22_3_TAAATGTGAGAGTA-1	Neurons,Cycling
10X22_3_TAACCGGACCGTAA-1	Oligos
10X22_3_TAAGAACTCCAATG-1	Astrocyte
10X22_3_TAAGATACAAAGCA-1	Immune
10X22_3_TAAGATACAGCGTT-1	Astrocyte
10X22_3_TAAGATTGACCTTT-1	Oligos
10X22_3_TAAGGGCTCTGACA-1	Immune
10X22_3_TAATGAACAAGTAG-1	Astrocyte
10X22_3_TAATGATGTGCTCC-1	Neurons
10X22_3_TACAATGAGTCTAG-1	Astrocyte
10X22_3_TACCATTGGTTCAG-1	Vascular
10X22_3_TACCGCTGTTCGCC-1	Vascular
10X22_3_TACGACGATCTATC-1	Astrocyte
10X22_3_TACGGAACGATGAA-1	Astrocyte
10X22_3_TACGGCCTCTTGTT-1	Oligos
10X22_3_TACGTTACGCCATA-1	Oligos
10X22_3_TACTCAACCCATAG-1	Immune
10X22_3_TACTGTTGTCGATG-1	Oligos
10X22_3_TACTGTTGTTGAGC-1	Astrocyte
10X22_3_TAGAGAGAGTTGGT-1	Vascular
10X22_3_TAGATCCTCACACA-1	Astrocyte
10X22_3_TAGCCCACTAAGGA-1	Astrocyte
10X22_3_TAGCTACTAGAGGC-1	Vascular
10X22_3_TAGGACTGTCCTCG-1	Astrocyte
10X22_3_TAGGCTGAGTTTCT-1	Immune
10X22_3_TAGGTGTGCAGTCA-1	Astrocyte
10X22_3_TAGTAAACGCAAGG-1	Oligos
10X22_3_TAGTATGAAGTCAC-1	Vascular
10X22_3_TAGTGGTGTGGTGT-1	Oligos
10X22_3_TAGTTAGACAATCG-1	Astrocyte
10X22_3_TAGTTAGATCGCTC-1	Astrocyte,Neurons
10X22_3_TAGTTCACTTCCAT-1	Neurons,Cycling
10X22_3_TATACGCTAAGTGA-1	Vascular
10X22_3_TATAGCCTTACTGG-1	Neurons,Cycling
10X22_3_TATCAAGAGTAGGG-1	Vascular
10X22_3_TATCAAGATGCCTC-1	Oligos
10X22_3_TATCAGCTTAGACC-1	Immune
10X22_3_TATCCAACACGCAT-1	Immune
10X22_3_TATGGGACGTCTGA-1	Immune
10X22_3_TATGGGACTCCTCG-1	Oligos
10X22_3_TATGTCACCGTGAT-1	Astrocyte,Oligos
10X22_3_TATGTCTGTCCGTC-1	Vascular
10X22_3_TCAATAGACAACCA-1	Astrocyte
10X22_3_TCACCCGATGTCAG-1	Immune
10X22_3_TCACCGTGGCAGTT-1	Immune
10X22_3_TCAGTGGATCTCTA-1	Vascular
10X22_3_TCAGTTACGTAAAG-1	Vascular
10X22_3_TCATCATGTATGCG-1	Oligos
10X22_3_TCATTGACAAGAAC-1	Vascular
10X22_3_TCATTGACCTTGCC-1	Vascular
10X22_3_TCATTGACGTGAGG-1	Astrocyte
10X22_3_TCCCACGAACCAGT-1	Vascular
10X22_3_TCCCACGAACTGGT-1	Neurons
10X22_3_TCCCAGACAGTCGT-1	Immune
10X22_3_TCCCGAACGCTGAT-1	Vascular
10X22_3_TCGAATCTAAAGCA-1	Astrocyte
10X22_3_TCGACGCTACTCTT-1	Neurons
10X22_3_TCGAGAACGAACCT-1	Neurons
10X22_3_TCGCACACATGTGC-1	Vascular
10X22_3_TCGTAGGACTAAGC-1	Astrocyte
10X22_3_TCGTGAGACGGAGA-1	Oligos
10X22_3_TCTAGACTGCAAGG-1	Neurons
10X22_3_TCTCCACTAACCGT-1	Neurons
10X22_3_TCTGATACAGATGA-1	Oligos
10X22_3_TGAACCGAGAGGGT-1	Neurons
10X22_3_TGAAGCTGCTCTAT-1	Neurons
10X22_3_TGACCAGAACGTAC-1	Vascular
10X22_3_TGACCGCTCGTGAT-1	Neurons
10X22_3_TGACGCCTGCAAGG-1	Oligos
10X22_3_TGAGCAACCATTTC-1	Neurons,Cycling
10X22_3_TGAGCTGATCTCTA-1	Astrocyte
10X22_3_TGATCACTGCAGTT-1	Oligos
10X22_3_TGATTAGACTCAGA-1	Astrocyte
10X22_3_TGATTAGATGCAAC-1	Vascular
10X22_3_TGCAATCTGTTCAG-1	Vascular
10X22_3_TGCACGCTCATGAC-1	Neurons
10X22_3_TGCAGATGGTTACG-1	Vascular
10X22_3_TGCCAAGAAGTCGT-1	Oligos
10X22_3_TGCCACTGGATAAG-1	Astrocyte,Neurons
10X22_3_TGCCGACTAACCTG-1	Neurons
10X22_3_TGCGAAACCACTCC-1	Immune
10X22_3_TGCGTAGATTGCAG-1	Astrocyte
10X22_3_TGCTGAGACTGTTT-1	Immune
10X22_3_TGCTTAACTCCCGT-1	Astrocyte,Oligos
10X22_3_TGGAAAGACATTCT-1	Oligos
10X22_3_TGGAAGCTGCGATT-1	Oligos
10X22_3_TGGACTGACTACCC-1	Astrocyte,Neurons
10X22_3_TGGAGACTTAAGGA-1	Immune
10X22_3_TGGAGGGAACGCTA-1	Neurons,Cycling
10X22_3_TGGAGGGACTGTAG-1	Immune
10X22_3_TGGATTCTCACTGA-1	Immune
10X22_3_TGGCAATGTTCCGC-1	Vascular
10X22_3_TGGGTATGTAGACC-1	Blood
10X22_3_TGTAGGTGTAGTCG-1	Astrocyte
10X22_3_TGTATGCTAGTCGT-1	Immune
10X22_3_TGTGAGACCTCAAG-1	Vascular
10X22_3_TGTTACTGCTTGAG-1	Immune
10X22_3_TTAACCACGATGAA-1	Neurons,Cycling
10X22_3_TTACGACTTTGGTG-1	Astrocyte
10X22_3_TTAGAATGAGCACT-1	Astrocyte,Neurons
10X22_3_TTAGACCTTTTGGG-1	Immune
10X22_3_TTATGCACCCCACT-1	Vascular
10X22_3_TTCAACACATGCTG-1	Vascular
10X22_3_TTCACCCTTCTTTG-1	Immune
10X22_3_TTCATGTGGATACC-1	Immune
10X22_3_TTCATTCTACTAGC-1	Oligos
10X22_3_TTCCATGACCCGTT-1	Immune
10X22_3_TTCTACGACGAATC-1	Neurons
10X22_3_TTGCATTGGGTCAT-1	Vascular
10X22_3_TTGCTATGTCATTC-1	Neurons,Oligos
10X22_3_TTGGAGTGAGGTTC-1	Neurons
10X22_3_TTTCCAGACTCAGA-1	Blood
10X22_3_TTTCCAGATGTGCA-1	Astrocyte
10X22_3_TTTGCATGTTCTCA-1	Neurons,Cycling
10X22_4_AAACATACAACGAA-1	Vascular
10X22_4_AAACCGTGAAGATG-1	Astrocyte
10X22_4_AAACGCTGACAGTC-1	Neurons
10X22_4_AAACGCTGGACAAA-1	Neurons
10X22_4_AAACTTGAGGTTCA-1	Astrocyte,Neurons
10X22_4_AAACTTGATTATCC-1	Neurons
10X22_4_AAAGAGACTCGACA-1	Oligos
10X22_4_AAATACTGCTTGCC-1	Vascular
10X22_4_AAATCAACCCAAGT-1	Vascular
10X22_4_AAATGGGAAAGATG-1	Astrocyte
10X22_4_AAATGGGATGTTCT-1	Immune
10X22_4_AACAAACTTGTGAC-1	Oligos
10X22_4_AACACGTGCTGAAC-1	Vascular
10X22_4_AACATATGCCATGA-1	Astrocyte
10X22_4_AACCGATGCCAGTA-1	Oligos
10X22_4_AACGCATGTCAGGT-1	Immune
10X22_4_AACGGTTGACAGCT-1	Neurons
10X22_4_AACGTCGATACTCT-1	Astrocyte
10X22_4_AACGTCGATCCAAG-1	Astrocyte
10X22_4_AACGTTCTGGAGGT-1	Astrocyte,Neurons
10X22_4_AAGAATCTACGCTA-1	Vascular
10X22_4_AAGAATCTCTAGAC-1	Oligos
10X22_4_AAGAGATGGTCGTA-1	Oligos
10X22_4_AAGATGGAATCACG-1	Immune
10X22_4_AAGATGGACGATAC-1	Astrocyte
10X22_4_AAGCAAGACTCCCA-1	Immune
10X22_4_AAGCAAGAGTGTTG-1	Astrocyte,Oligos
10X22_4_AAGCCTGAAACGAA-1	Oligos
10X22_4_AAGCGACTTAAAGG-1	Oligos
10X22_4_AAGCGTACGTTCAG-1	Immune
10X22_4_AAGGCTACAGATGA-1	Vascular
10X22_4_AAGGTCTGCAGATC-1	Neurons,Cycling
10X22_4_AAGGTGCTCTGAGT-1	Oligos
10X22_4_AAGTCCGAGGGAGT-1	Neurons
10X22_4_AAGTCTCTTACGAC-1	Astrocyte
10X22_4_AAGTGGCTTCTAGG-1	Neurons
10X22_4_AAGTTATGGGAGTG-1	Neurons,Cycling
10X22_4_AAGTTATGGTCAAC-1	Astrocyte,Oligos
10X22_4_AATAAGCTGAGAGC-1	Astrocyte,Oligos
10X22_4_AATAAGCTTGCTTT-1	Neurons
10X22_4_AATAGGGACATGCA-1	Astrocyte
10X22_4_AATCCTTGACACAC-1	Immune
10X22_4_AATCTCACAGTGCT-1	Neurons
10X22_4_AATCTCACGCAAGG-1	Oligos
10X22_4_AATGGCTGCAATCG-1	Astrocyte
10X22_4_AATGGCTGTGGCAT-1	Immune
10X22_4_AATGTCCTACTACG-1	Vascular
10X22_4_AATGTTGACCAATG-1	Oligos
10X22_4_AATTACGACATGCA-1	Oligos
10X22_4_ACAAATTGCCAATG-1	Oligos
10X22_4_ACAAATTGGTACAC-1	Vascular
10X22_4_ACAACCGACATTTC-1	Oligos
10X22_4_ACACATCTGAGATA-1	Vascular
10X22_4_ACACGTGATTCTAC-1	Neurons
10X22_4_ACAGCAACGCAGTT-1	Astrocyte,Neurons
10X22_4_ACAGTTCTTCAAGC-1	Vascular
10X22_4_ACATGGTGCTTATC-1	Immune
10X22_4_ACATTCTGGAACCT-1	Astrocyte,Neurons
10X22_4_ACCACAGAAGCGGA-1	Neurons
10X22_4_ACCACAGACCTGTC-1	Astrocyte,Neurons
10X22_4_ACCACCTGCGCATA-1	Oligos
10X22_4_ACCCAAGAGTAAGA-1	Astrocyte,Neurons
10X22_4_ACCGAAACTGCTAG-1	Astrocyte
10X22_4_ACCTCGTGAAACGA-1	Neurons
10X22_4_ACCTTTGAAAAAGC-1	Oligos
10X22_4_ACGAAGCTTCCCAC-1	Immune
10X22_4_ACGCGGTGCCGTAA-1	Astrocyte
10X22_4_ACGCTCACCACTGA-1	Vascular
10X22_4_ACGGAACTAGAAGT-1	Astrocyte,Oligos
10X22_4_ACGGAACTGTTACG-1	Vascular
10X22_4_ACGGTAACGGAGCA-1	Oligos
10X22_4_ACGGTCCTAAAACG-1	Immune
10X22_4_ACGTAGACGCGAGA-1	Vascular
10X22_4_ACTACTACCCCAAA-1	Neurons
10X22_4_ACTATCACCTTCGC-1	Neurons
10X22_4_ACTCAGGAAACAGA-1	Astrocyte,Neurons
10X22_4_ACTCGAGAGTGCTA-1	Immune
10X22_4_ACTCTCCTTCAGAC-1	Vascular
10X22_4_ACTTCCCTAACGAA-1	Oligos
10X22_4_ACTTGACTGGACGA-1	Oligos
10X22_4_ACTTGTACCGTAGT-1	Neurons
10X22_4_ACTTTGTGTCCGAA-1	Vascular
10X22_4_AGAAGATGAACGTC-1	Immune
10X22_4_AGACACACAACGAA-1	Neurons
10X22_4_AGACACACGTTCTT-1	Immune
10X22_4_AGACACTGGTCTTT-1	Immune
10X22_4_AGAGATGAAACTGC-1	Immune
10X22_4_AGAGATGAACTGGT-1	Immune
10X22_4_AGAGCGGAAACGTC-1	Vascular
10X22_4_AGAGCGGACTGATG-1	Immune
10X22_4_AGAGTCTGTCCTCG-1	Vascular
10X22_4_AGATATACAAGGTA-1	Neurons,Cycling
10X22_4_AGATATTGCTCGCT-1	Immune
10X22_4_AGCAAGCTCACAAC-1	Neurons
10X22_4_AGCACAACAGTGCT-1	Astrocyte,Neurons
10X22_4_AGCATGACGGCATT-1	Immune
10X22_4_AGCCGTCTAAGTAG-1	Immune
10X22_4_AGCGAACTCTTGGA-1	Neurons
10X22_4_AGCGCCGAGAAACA-1	Vascular
10X22_4_AGCGCCGATGCATG-1	Astrocyte,Neurons
10X22_4_AGCGGCACAGCAAA-1	Immune
10X22_4_AGCGGCTGACGACT-1	Vascular
10X22_4_AGCTTTACGAATGA-1	Vascular
10X22_4_AGGAATGAAGTCAC-1	Neurons
10X22_4_AGGATGCTTAGTCG-1	Neurons,Cycling
10X22_4_AGGGACGAGCCTTC-1	Vascular
10X22_4_AGGGAGTGTACTGG-1	Neurons
10X22_4_AGGGCCACAAGCAA-1	Immune
10X22_4_AGGGCGCTCTGCAA-1	Vascular
10X22_4_AGGTACACATTCGG-1	Vascular
10X22_4_AGGTGGGATAAAGG-1	Neurons,Cycling
10X22_4_AGTAATACCTTGGA-1	Astrocyte,Neurons
10X22_4_AGTACGTGATCGAC-1	Neurons
10X22_4_ATAATCGAAGAAGT-1	Neurons
10X22_4_ATACCGGACCCACT-1	Vascular
10X22_4_ATACGGACATGCTG-1	Immune
10X22_4_ATAGAACTTCCTAT-1	Neurons,Cycling
10X22_4_ATAGGCTGCATGAC-1	Immune
10X22_4_ATATACGATGCAGT-1	Astrocyte,Neurons
10X22_4_ATATAGTGCGAGAG-1	Neurons,Cycling
10X22_4_ATATGAACTATCGG-1	Astrocyte,Neurons
10X22_4_ATCAACCTCTGACA-1	Immune
10X22_4_ATCAGGTGCCTAAG-1	Astrocyte,Neurons
10X22_4_ATCCAGGACGACAT-1	Vascular
10X22_4_ATCGTTTGCAGAGG-1	Neurons
10X22_4_ATCTCAACCGGAGA-1	Immune
10X22_4_ATCTGGGAGGACTT-1	Neurons
10X22_4_ATCTTGACTTTGCT-1	Neurons
10X22_4_ATGAAGGAGTACGT-1	Neurons,Oligos
10X22_4_ATGCCAGAGCGGAA-1	Neurons,Cycling
10X22_4_ATGGACACCTCAAG-1	Vascular
10X22_4_ATGGGTACTGGTCA-1	Vascular
10X22_4_ATGGTGACCACTAG-1	Vascular
10X22_4_ATGTCGGAGGGTGA-1	Immune
10X22_4_ATGTTGCTTCTGGA-1	Astrocyte,Neurons
10X22_4_ATTAACGAGCCATA-1	Immune
10X22_4_ATTAAGACTTGGCA-1	Vascular
10X22_4_ATTACCACGAACCT-1	Astrocyte,Neurons
10X22_4_ATTAGTGAGCGGAA-1	Immune
10X22_4_ATTATGGACCTGAA-1	Astrocyte,Oligos
10X22_4_ATTCAGCTCACTAG-1	Immune
10X22_4_ATTCCATGGGATTC-1	Vascular
10X22_4_ATTTAGGATACGAC-1	Immune
10X22_4_CAAATTGATTGTGG-1	Neurons,Cycling
10X22_4_CAACGATGTCGTAG-1	Neurons
10X22_4_CAAGACACCCGTAA-1	Immune
10X22_4_CAAGCTGAATCGAC-1	Vascular
10X22_4_CAAGCTGATGATGC-1	Neurons
10X22_4_CAAGGTTGTAGAAG-1	Neurons,Cycling
10X22_4_CAATAAACTCGACA-1	Neurons
10X22_4_CAATGGACAGTACC-1	Immune
10X22_4_CACAATCTGACAGG-1	Astrocyte,Oligos
10X22_4_CACAGATGACTCAG-1	Neurons
10X22_4_CACAGTGAATCAGC-1	Neurons
10X22_4_CACATGGACAACCA-1	Neurons,Cycling
10X22_4_CACCGTACTCATTC-1	Neurons,Cycling
10X22_4_CACCTGACTCGATG-1	Immune
10X22_4_CACGAAACCGTACA-1	Neurons
10X22_4_CACGATGATCTCCG-1	Immune
10X22_4_CACTAACTGAATAG-1	Immune
10X22_4_CAGAGGGACCGATA-1	Neurons,Cycling
10X22_4_CAGCAATGAAGTAG-1	Immune
10X22_4_CAGCATGACTCATT-1	Immune
10X22_4_CAGCTAGAATCGTG-1	Immune
10X22_4_CAGCTCACCTTCGC-1	Neurons,Oligos
10X22_4_CAGGTATGGAAACA-1	Astrocyte,Oligos
10X22_4_CAGTTTACATGTCG-1	Vascular
10X22_4_CATACTACTGGTAC-1	Astrocyte,Oligos
10X22_4_CATCGCTGACCAAC-1	Neurons
10X22_4_CATTAGCTCAGAAA-1	Vascular
10X22_4_CATTGTTGTGATGC-1	Neurons,Cycling
10X22_4_CATTTGTGGCAGTT-1	Vascular
10X22_4_CCAATGGACTGAAC-1	Astrocyte,Oligos
10X22_4_CCAGCGGACCATGA-1	Vascular
10X22_4_CCAGCGGATTTGGG-1	Immune
10X22_4_CCATCCGAAGAGTA-1	Vascular
10X22_4_CCATCCGAGTCTTT-1	Neurons
10X22_4_CCCAACTGATGGTC-1	Vascular
10X22_4_CCCAACTGTCTCAT-1	Vascular
10X22_4_CCCAGACTGTTCAG-1	Blood
10X22_4_CCCTGAACGGGTGA-1	Vascular
10X22_4_CCGATAGATGACTG-1	Immune
10X22_4_CCGTAAGAAGTGTC-1	Immune
10X22_4_CCGTACACCGAGTT-1	Vascular
10X22_4_CCTACCGAGTCATG-1	Neurons
10X22_4_CCTAGAGAACTCAG-1	Vascular
10X22_4_CCTATTGACACTAG-1	Vascular
10X22_4_CCTATTGACCTATT-1	Vascular
10X22_4_CCTCGAACTCAAGC-1	Immune
10X22_4_CCTGAGCTTACTCT-1	Neurons
10X22_4_CCTGAGCTTGTTCT-1	Vascular
10X22_4_CCTTTAGAGTCTAG-1	Neurons
10X22_4_CGAGAACTACTCAG-1	Vascular
10X22_4_CGAGATTGAGGTCT-1	Neurons,Cycling
10X22_4_CGAGGAGAACCTTT-1	Vascular
10X22_4_CGAGGAGAGTATCG-1	Immune
10X22_4_CGAGTATGGCTATG-1	Vascular
10X22_4_CGCAAATGTCCAGA-1	Neurons,Cycling
10X22_4_CGCCATACGAGGGT-1	Immune
10X22_4_CGGATATGACCAAC-1	Neurons,Cycling
10X22_4_CGGCCAGAACGGAG-1	Neurons,Cycling
10X22_4_CGGTAAACTGAGGG-1	Immune
10X22_4_CGGTCACTGAAAGT-1	Neurons
10X22_4_CGTGCACTTAGTCG-1	Immune
10X22_4_CGTTATACTTCTGT-1	Immune
10X22_4_CTAAACCTCAGCTA-1	Neurons
10X22_4_CTAAGGACCACACA-1	Immune
10X22_4_CTAATGCTCTTGCC-1	Immune
10X22_4_CTAGGTGATATGCG-1	Neurons
10X22_4_CTCGCATGCTTCGC-1	Immune
10X22_4_CTGGAAACAAGATG-1	Neurons
10X22_4_CTTGAGGACCCGTT-1	Neurons,Cycling
10X22_4_GAAAGATGTCATTC-1	Neurons,Cycling
10X22_4_GAAATACTCTTATC-1	Neurons,Cycling
10X22_4_GAAGCTTGTAGCCA-1	Neurons
10X22_4_GAAGTAGAACTGTG-1	Neurons
10X22_4_GACGTCCTGTTAGC-1	Immune
10X22_4_GACTCCTGCGAGTT-1	Neurons,Cycling
10X22_4_GACTTTACCCGATA-1	Neurons,Cycling
10X22_4_GACTTTACCTAAGC-1	Neurons
10X22_4_GAGATCACAGCTCA-1	Immune
10X22_4_GAGCGCTGAGAACA-1	Neurons
10X22_4_GAGGTACTCGTTGA-1	Immune
10X22_4_GAGTAAGAAACGGG-1	Neurons
10X22_4_GATCTACTTTCGCC-1	Neurons,Oligos
10X22_4_GATTCGGACACCAA-1	Neurons
10X22_4_GCATCAGAAGCACT-1	Neurons,Cycling
10X22_4_GCGTAAACATGTGC-1	Neurons
10X22_4_GCTACAGAGGGTGA-1	Neurons,Cycling
10X22_4_GCTTAACTGTCGTA-1	Neurons
10X22_4_GGAATCTGCAAAGA-1	Neurons,Cycling
10X22_4_GGACAGGAAAGAGT-1	Astrocyte,Oligos
10X22_4_GGACGAGAGATACC-1	Blood
10X22_4_GGACTATGAGGGTG-1	Neurons
10X22_4_GGAGCCACACGGAG-1	Neurons,Oligos
10X22_4_GGATTTCTTCCAGA-1	Neurons
10X22_4_GGCGCATGGCTATG-1	Neurons
10X22_4_GGCGGACTCATTGG-1	Neurons
10X22_4_GGGATGGAGTGCAT-1	Neurons
10X22_4_GGGCCAACGAACCT-1	Neurons
10X22_4_GGTACTGACTTATC-1	Neurons,Cycling
10X22_4_GTATTCACTCGCTC-1	Neurons
10X22_4_GTCCAGCTTGCATG-1	Neurons
10X22_4_GTGGTAACGTTAGC-1	Astrocyte,Oligos
10X22_4_GTTTAAGATGTGAC-1	Neurons,Cycling
10X22_4_TAAGATTGGTACAC-1	Neurons
10X22_4_TAAGCGTGGAATCC-1	Neurons
10X22_4_TAAGGCTGTAGTCG-1	Neurons
10X22_4_TAATGAACTGCACA-1	Neurons,Cycling
10X22_4_TACGGCCTACCGAT-1	Neurons
10X22_4_TAGCATCTCATTCT-1	Neurons
10X22_4_TAGTTCACCAGAAA-1	Neurons
10X22_4_TATGAATGACGCAT-1	Neurons
10X22_4_TATGGGTGTTTGCT-1	Neurons
10X22_4_TCCATCCTGTCTAG-1	Neurons
10X22_4_TCGATACTCTGGAT-1	Neurons
10X22_4_TGGAAGCTGTCTGA-1	Astrocyte,Oligos
10X22_4_TGGATGTGCGGGAA-1	Astrocyte,Oligos
10X22_4_TGTTAAGAAGCACT-1	Astrocyte,Oligos
10X36_1_AAGCCTCATGGT-	Blood
10X36_1_ACAATGTAGCGT-	Astrocyte,Oligos
10X36_1_ACCACTTGGAGG-	Astrocyte,Oligos
10X36_1_ACGACTTCAGTG-	Astrocyte,Oligos
10X36_1_ACGTACTTGGTG-	Astrocyte,Oligos
10X36_1_ACTCCTAGTAGA-	Astrocyte,Oligos
10X36_1_AGACCTCATGAC-	Neurons,Oligos
10X36_1_AGAGACTAGCGT-	Astrocyte,Oligos
10X36_1_AGATCTCTGTCC-	Blood
10X36_1_AGCCCTTTGCGA-	Astrocyte,Oligos
10X36_1_ATCAACTTGGCA-	Blood
10X36_1_CGTACTGACAGG-	Blood
10X36_1_CGTAGACGAACT-	Blood
10X36_1_CTTGCTCGAACT-	Blood
10X36_1_GACAGATCTTAC-	Blood
10X36_1_GCGCTGGAATGA-	Blood
10X36_1_GGAGACGTTGCA-	Blood
10X36_1_TATCTGTCTTTG-	Blood
10X36_1_TCCTCTCGTAAC-	Blood
10X36_1_TGAATGCGCTAA-	Blood
10X36_2_AGAACTATCGTG-	Blood
10X36_2_AGTCGAAGCTAC-	Blood
